"   ","REFORMAT_JOB","FILE_SEQUENCE","INPUT_FILE_NAME","XTAB_FILE_NAME","XTAB_TABLE_NAME","FTP_PROGRAM_NAME","FTP_LOCATION_CODE","FORMAT_INDICATOR","SOURCE_FIELD_DELIMITER","TARGET_FIELD_SIZE","BACKUP_SOURCE_FILE_NAME","LAST_UPDATE_DATE","LAST_UPDATE_USER","FTP_SOURCE_FILE_NAME","SOURCE_FILE_UPDATE_FREQUENCY","SOURCE_FILE_UPDATE_DATE","FTP_PARM_FILE_NAME","FILE_STAGING_NOTES","PRICE_INCL_CORE_FLAG","PROVIDE_CORE_CHARGE_FLAG","PROVIDE_DEALER_PRICE_FLAG","SPECIAL_PART_FLAG","SPECIAL_PART_NOTES","PROVIDE_REMAN_PARTS_FLAG","PROVIDE_ZERO_PRICES_FLAG","SUPPLY_SUPERSESSION_DATE_FLAG","SUPPLY_DISCONTINUE_DATE_FLAG","PART_NUMBER_REFORMATTED_FLAG","DELETE_PROGRAM_NAME","ENCODING_CHARSET","EXPECTED_DAY_OF_MONTH_START","EXPECTED_DAY_OF_MONTH_END","LAST_FILE_STAGED_DATE","FILE_SOURCE_LOCATION","IS_FILE_TO_BE_STAGED_FLAG","FTP_HOST_NAME","FTP_FILE_LOCATION","SINGLE_EMAIL","WEBSITE_URL","FILE_AS_ATTACHMENT_FLAG","EMAIL_FROM_ADDRESS","EMAIL_SUBJECT","SOURCE_FILE_NAME"
"1","mptr405","1","bmwca.prc","mptr405_xtab_oem_ref_mptr405_bmw_raw.dat","xtab_oem_ref_mptr405_bmw","","N","A","","","mptr405_araw_bmw_ca.dat","9/16/2025 11:02:28 PM","RACE","","1","3/20/2024 6:12:51 AM","","Data File bmwca.prc sent by CA BMW is used for both CA Automobile & CA Motorcycle.","Y","N","N","N","","Y","Y","N","Y","Y","","","week of PR extract","week of PR extract","","Email","N","","","Y","","Y","Message Manager <message.manager@bmwgroup.ca>","Insurance File","YY202210120346381857.I0000001.40400002.TVATLSTFMAPR.Insurance.zip
"
"2","mptr407","1","bmwca.prc","mptr407_xtab_oem_ref_mptr407_bmw_motor_raw.dat","xtab_oem_ref_mptr407_bmw_motor","","N","A","","","mptr407_araw_bmw_ca.dat","9/16/2025 11:02:28 PM","RACE","","1","8/6/2024 11:48:40 PM","","Data File bmwca.prc sent by CA BMW is used for both CA Automobile & CA Motorcycle.","Y","N","N","N","","Y","Y","N","Y","Y","","","15","24","","Email","Y","","","Y","","Y","apdrpabotuat@mitchell.com","test","bmwca
"
"3","mptr470","1","hdmca.txt","mptr470_xtab_oem_ref_mptr470_hdm_motor_raw.dat","xtab_oem_ref_mptr470_hdm_motor","","N","A","","","mptr470_araw_hdm_ca.dat","9/16/2025 11:02:28 PM","RACE","","1","3/6/2024 7:05:12 AM","","Save email attachment to prod3nt and rename to hdmca.txt. TXT file is tab-delim. asci_clean converts to pipe-delim.","N","N","N","N","","N","Y","N","N","N","","UTF-8","Second Wednesday of each month","Second Wednesday of each month","","Email","Y","","","Y","","Y","Au, Jennifer <Jennifer.Au@harley-davidson.com>","MMMM YYYY Report: Monthly CA Pricing file","Harley-Davidson Canada Monthly Pricing MMMM YYYY.xlsx¿
"
"4","pptr065","1","HYU.zip","pptr065_xtab_oem_ref_pptr065_hyu_raw.dat","xtab_oem_ref_pptr065_hyu","","M","A",",","25","pptr065_araw_hyu_pr.dat","9/16/2025 11:03:54 PM","RACE","","1","3/7/2024 8:11:39 AM","","zip file containing comma-delimited file is placed on Mitchell server. This file is converted from delimited to fixed.","N","N","","","","","","","N","Y","","","week of PR extract","week of PR extract","","Internet","","","","","","","","",""
"5","pptr070","1","pptr035_ref_nis_pr.dat(0)","","","","","","","","","9/16/2025 11:03:54 PM","RACE","","1","5/8/2008 12:57:07 PM","","Source file created by Nissan PR pptr035; must run after pptr035","N","N","","","","","","","N","Y","","","week of PR extract","week of PR extract","","FTP","","","","","","","","",""
"6","pptr077","1","KIA.zip","pptr077_xtab_oem_ref_pptr077_kia_raw.dat","xtab_oem_ref_pptr077_kia","","M","A","","","pptr077_araw_kia_pr.dat","9/16/2025 11:03:54 PM","RACE","","1","3/7/2024 8:18:01 AM","","","N","N","","","","","","","N","Y","","","week of PR extract","week of PR extract","","FTP","","","","","","","","",""
"7","pptr085","1","MAZ.zip","pptr085_xtab_oem_ref_pptr085_maz_raw.dat","xtab_oem_ref_pptr085_maz","","M","A",",","25","pptr085_araw_maz_pr.dat","9/16/2025 11:03:54 PM","RACE","","1","3/7/2024 8:20:49 AM","","","N","N","","","","","","","N","N","","","week of PR extract","week of PR extract","","FTP","","","","","","","","",""
"8","pptr170","1","CHR.zip","pptr170_xtab_oem_ref_pptr170_chr_raw.dat","xtab_oem_ref_pptr170_chr","","M","A",",","25","pptr170_araw_chr_pr.dat","9/16/2025 11:03:54 PM","RACE","","1","3/12/2024 9:34:16 AM","","Unzipped file is named chryspr.prc/puerto_rico/prod/incoming/CHR*.zip","N","N","","","","","","","N","N","","","week of PR extract","week of PR extract","","FTP","","","","","","","","",""
"9","vptr045","1","fordve.prc","vptr045_xtab_oem_ref_vptr045_for_price_raw.dat","xtab_oem_ref_vptr045_for_price","OBSOLETE","","A","","","vptr045_araw_for_ve.dat","9/16/2025 11:03:54 PM","RACE","","99","4/8/2008 2:28:53 PM","","OBSOLETE","","","","","","","","","","N","","","","","","","","","","","","","","",""
"10","pptr010","1","ACU.zip","pptr010_xtab_oem_ref_pptr010_acu_raw.dat","xtab_oem_ref_pptr010_acu","","M","A",",","25","pptr010_araw_acu_pr.dat","9/16/2025 11:03:54 PM","RACE","","1","3/7/2024 7:39:56 AM","","","N","N","","","","","","","N","N","","","week of PR extract","week of PR extract","","FTP","","","","","","","","",""
"11","pptr050","1","GMC.zip","pptr050_xtab_oem_ref_pptr050_gmc_raw.dat","xtab_oem_ref_pptr050_gmc","","M","A",",","25","pptr050_araw_gmc_pr.dat","9/16/2025 11:03:54 PM","RACE","","1","12/3/2015 11:22:02 AM","","","N","N","","","","","","","N","N","","","week of PR extract","week of PR extract","","FTP","","","","","","","","",""
"12","mptr190","1","nagsusd.prc","mptr190_xtab_oem_ref_mptr190_nag_dom_raw.dat","xtab_oem_ref_mptr190_nag_dom","","N","A","","","mptr190_araw_nag_dom_us.dat","9/16/2025 11:02:28 PM","RACE","","4","1/8/2024 8:11:12 AM","","Effective dates are always in January, May, and September","Y","N","N","N","","N","Y","N","N","N","","","week of PR extract","Files received 3x/year in Dec, Apr, Aug, (Effective Jan, May, Sep)","","Email","Y","","","Y","","Y","Timothy.Goebel@mitchell.com","NAGS U.S. Pricing","d230109us.01, f230109us.01
"
"13","mptr200","1","nagscad.prc","mptr200_xtab_oem_ref_mptr200_nag_dom_raw.dat","xtab_oem_ref_mptr200_nag_dom","","N","A","","","mptr200_araw_nag_dom_ca.dat","9/16/2025 11:02:28 PM","RACE","","4","1/8/2024 8:19:13 AM","","Effective dates are always in January, May, and September","Y","N","N","N","","N","Y","N","N","N","","","Files received 3x/year in Dec, Apr, Aug, (Effective Jan, May, Sep)","Files received 3x/year in Dec, Apr, Aug, (Effective Jan, May, Sep)","","Email","Y","","","SINGLE_EMAIL","","Y","Timothy.Goebel@mitchell.com","NAGS Canadian Pricing","d230109ca.01, f230109ca.01
"
"14","mptr200","2","nagscai.prc","mptr200_xtab_oem_ref_mptr200_nag_imp_raw.dat","xtab_oem_ref_mptr200_nag_imp","","N","A","","","mptr200_araw_nag_imp_ca.dat","9/16/2025 11:02:28 PM","RACE","","4","1/8/2024 8:19:13 AM","","Effective dates are always in January, May, and September","Y","N","N","N","","N","Y","N","N","N","","","Files received 3x/year in Dec, Apr, Aug, (Effective Jan, May, Sep)","Files received 3x/year in Dec, Apr, Aug, (Effective Jan, May, Sep)","","Email","Y","","","SINGLE_EMAIL","","Y","Timothy.Goebel@mitchell.com","NAGS Canadian Pricing","d230109ca.01, f230109ca.01
"
"15","mptr450","1","PriceA.zip","mptr450_xtab_oem_ref_mptr450_maz_raw.dat","xtab_oem_ref_mptr450_maz","","M","A","|","","mptr450_araw_maz_ca.dat","9/16/2025 11:03:54 PM","RACE","","1","3/27/2024 6:00:09 AM","","Filename is PRICEA.zip","Y","Y","Y","N","","Y","Y","N","Y","Y","","","24","26","","FTP","","","","","","","","",""
"16","mptr155","1","mptr155_xftp_vwus.tmp","mptr155_xtab_oem_ref_mptr155_vw_raw.dat","xtab_oem_ref_mptr155_vw","get_sftp_file.pl","X","A","","","mptr155_araw_vw_us.dat","9/16/2025 11:03:54 PM","RACE","vend_prc_us_dat","1","3/31/2025 8:50:52 AM","mptr155_ftp_vw_us.prm","US VW stages file on their server and emails us. Reformat job picks up file from VW SFTP server. File is comma-delim but defined as fixed-length because 3000+ recs have an additional field at the end of them. NOTE: US and CA VW use the same server but NOT the same logon ID and PWD.","Y","Y","Y","Y","","Y","Y","N","Y","Y","","","21","28","","Email","","","","","","","","",""
"17","mptr505","1","mptr505_xftp_vwca.tmp","mptr505_xtab_oem_ref_mptr505_vw_raw.dat","xtab_oem_ref_mptr505_vw","get_sftp_file.pl","X","A","","","mptr505_araw_vw_ca.dat","9/16/2025 11:03:54 PM","RACE","vend_prc_ca_dat","1","4/1/2025 7:31:06 AM","mptr505_ftp_vw_ca.prm","CA VW stages file on their server and emails us. Reformat job picks up file from VW SFTP server. File is comma-delim but defined as fixed-length (to be like US def - see US VW). NOTE: US and CA VW use the same server but NOT the same logon ID and PWD.","Y","Y","Y","Y","","Y","Y","N","Y","Y","","","26","31","","Email","","","","","","","","",""
"18","xptr155","1","vwmex.prc","xptr155_xtab_oem_ref_xptr155_vw_raw.dat","xtab_oem_ref_xptr155_vw","","N","A","","","xptr155_araw_hon_mx.dat","9/16/2025 11:03:54 PM","RACE","","12","","","OBSOLETE","","","","","","","","","","N","","","","","","","","","","","","","","",""
"19","mptr580","1","mptr580_xftp_mitca.tmp","mptr580_xtab_oem_ref_mptr580_mit_raw.dat","xtab_oem_ref_mptr580_mit","get_sftp_file.pl","X","A","","","mptr580_araw_mit_ca.dat","9/16/2025 11:03:54 PM","RACE","ENDMISPricefile.txt","1","8/2/2024 11:20:08 AM","mptr580_ftp_mit_ca.prm","","Y","N","Y","Y","","Y","Y","N","N","N","","","1","8","","FTP","","","","","","","","",""
"20","pptr095","1","MIT.zip","pptr095_xtab_oem_ref_pptr095_mit_raw.dat","xtab_oem_ref_pptr095_mit","","M","A",",","25","pptr095_araw_mit_pr.dat","9/16/2025 11:03:54 PM","RACE","","1","3/12/2024 9:56:04 AM","","","N","N","","","","","","","N","N","","","","","","FTP","","","","","","","","",""
"21","mptr455","1","PASS_MCLASS_LIT_LISTPRICES*.txt","mptr455_xtab_oem_ref_mptr455_mbz_raw.dat","xtab_oem_ref_mptr455_mbz","","M","A","","","mptr455_araw_mbz_ca.dat","9/16/2025 11:02:28 PM","RACE","","1","8/30/2024 10:06:20 AM","","MBZ places file on Mitchell sftp server. For support, use WinSCP ssh.","Y","Y","N","Y","Parts have Base and possibly ES1 and/or ES2. ES1 contains core (70) / reman codes (various 80's and 90). ES2 contains color codes. See program.","Y","Y","N","N","Y","","","26","30","","Email","Y","",""," No emails check ftp site: Mitchell@ftp.mercedes-benz.ca:22/",""," File name is the latest dated file for  PASS_MCLASS_LIT_LISTPRICES_YYYYMMDD*.txt. File is renamed in the staging area.","No emails","NA","PASS_MCLASS_LIT_LISTPRICES_20221101092308.TXT
"
"22","pptr090","1","MER.zip","pptr090_xtab_oem_ref_pptr090_mbz_raw.dat","xtab_oem_ref_pptr090_mbz","","M","A",",","","pptr090_araw_mbz_pr.dat","9/16/2025 11:03:54 PM","RACE","","1","6/6/2024 5:19:37 PM","","","N","N","","","","","","","N","Y","","","week of PR extract","week of PR extract","","FTP","","","","","","","","",""
"23","xptr145","2","","xptr145_xtab_oem_ref_xptr145_toy_raw.dat","xtab_oem_ref_xptr145_toy_super","","","A","","","xptr145_araw_toy_mx.dat","9/16/2025 11:03:54 PM","RACE","","1","","","FTP'd from Toyota's server.  Connection information is stored in parm:  oem_ref_xftp_toy.prm file. ","Y","Y","Y","Y","","Y","N","N","Y","Y","","","12","17","","FTP","","","","","","","","",""
"24","mptr520","1","jaguarca.prc","mptr520_xtab_oem_ref_mptr520_jag_raw.dat","xtab_oem_ref_mptr520_jag","","N","A","","","mptr520_araw_jag_ca.dat","9/16/2025 11:02:28 PM","RACE","","1","3/27/2024 8:51:47 AM","","Single file downloaded from internet","Y","Y","Y","N","","N","N","Y","Y","Y","","","22","29","","Internet","Y","","","","https://jlrglobal.sharepoint.com/sites/dms-vendors/SitePages/home.aspx","","","","JAG_CAN_NOV_2022.zip
"
"25","mptr530","1","roverca.prc","mptr530_xtab_oem_ref_mptr530_ran_raw.dat","xtab_oem_ref_mptr530_ran","","N","A","","","mptr530_araw_ran_ca.dat","9/16/2025 11:02:28 PM","RACE","","1","3/27/2024 9:06:09 AM","","Single file downloaded from internet","","Y","","","","Y","","Y","Y","N","","","22","29","","Internet","Y","","","","https://jlrglobal.sharepoint.com/sites/dms-vendors/SitePages/home.aspx","","","","LR_CA_NOV_2022.zip
"
"26","mptr025","1","jaguarus.prc","mptr025_xtab_oem_ref_mptr025_jag_raw.dat","xtab_oem_ref_mptr025_jag","","N","A","","","mptr025_araw_jag_us.dat","9/16/2025 11:02:28 PM","RACE","","1","3/27/2024 8:46:22 AM","","Single file downloaded from internet","","Y","","","","","","Y","Y","N","","","22","28","","Internet","Y","","","","https://jlrglobal.sharepoint.com/sites/dms-vendors/SitePages/home.aspx","","","","JAG_US_NOV_2022.zip
"
"27","mptr430","2","","","xtab_oem_ref_mptr430_gmc_super","","","","","","","9/16/2025 11:03:54 PM","RACE","","1","","","File is ftp'd from Mitchell's server in job mptr430.  RAW file also used as input to: CA Saab, CA Saturn, CA Isuzu.","Y","N","N","N","","N","Y","N","N","Y","","","File from Monday of the weekend extract","File from Monday of the weekend extract","","FTP","","","","","","","","",""
"28","mptr485","1","mptr430_xtab_oem_ref_mptr430_gmc_raw.dat","mptr485_xtab_oem_ref_mptr485_saa_raw.dat","xtab_oem_ref_mptr485_saa_price","","","A","","","mptr485_araw_saa_ca.dat","9/16/2025 11:03:54 PM","RACE","","1","3/25/2024 8:20:34 AM","","Uses MPTR430 saved RAW file from CANADA GM. Also creates a Supersession history file.","Y","N","N","N","","Y","Y","N","N","Y","","","","","","","","","","","","","","",""
"29","mptr430","1","pricecan.txt","mptr430_xtab_oem_ref_mptr430_gmc_raw.dat","xtab_oem_ref_mptr430_gmc_price","","M","A","","","mptr430_araw_gmc_ca.dat","9/16/2025 11:03:54 PM","RACE","","1","3/25/2024 7:49:10 AM","","File is ftp'd from Mitchell's server in job mptr430.  RAW file also used as input to: CA Saab, CA Saturn
","Y","N","N","N","","Y","Y","N","N","Y","","","File from Monday of the weekend extract","File from Monday of the weekend extract","","FTP","","","","","","","","",""
"30","mptr535","1","mptr430_xtab_oem_ref_mptr430_gmc_raw.dat","mptr535_xtab_oem_ref_mptr535_sat_raw.dat","xtab_oem_ref_mptr535_sat_price","","","A","","","mptr535_araw_sat_ca.dat","9/16/2025 11:03:54 PM","RACE","","1","3/25/2024 8:40:24 AM","","Uses MPTR430 saved RAW file, same as CANADA GM.","Y","N","N","N","","Y","Y","N","N","Y","","","same as CA GM","same as CA GM","","FTP","","","","","","","","",""
"31","mptr540","1","ISUZU-*-CAN-10DIGIT-RTL-FREN","mptr540_xtab_oem_ref_mptr540_isu_raw.dat","xtab_oem_ref_mptr540_isu","","M","A","","","mptr540_araw_isu_ca.dat","9/16/2025 11:03:54 PM","RACE","","1","3/20/2024 9:33:00 AM","","","Y","Y","Y","N","","Y","Y","N","N","Y","","","22","28","","FTP","","","","","","","","",""
"32","mptr485","2","","mptr485_xtab_oem_ref_mptr485_saa_raw.dat","xtab_oem_ref_mptr485_saa_super","","","A","","","","9/16/2025 11:03:54 PM","RACE","","1","","","Uses MPTR430 saved RAW file from CANADA GM. Also creates a Supersession history file.","Y","N","N","N","","N","Y","N","N","Y","","","","","","","","","","","","","","",""
"33","mptr535","2","","mptr535_xtab_oem_ref_mptr535_sat_raw.dat","xtab_oem_ref_mptr535_sat_super","","","A","","","","9/16/2025 11:03:54 PM","RACE","","1","","","Uses MPTR430 saved RAW file, same as CANADA GM.","Y","N","N","N","","N","Y","N","N","Y","","","same as CA GM","same as CA GM","","FTP","","","","","","","","",""
"34","mptr310","1","mercury_us.pbp","mptr310_xtab_oem_ref_mptr310_merc_raw.dat","xtab_oem_ref_mptr310_merc","","N","A","","","mptr310_araw_merc_us.dat","9/16/2025 11:03:54 PM","RACE","","99","11/22/2013 8:15:16 AM","","OBSOLETE","","","","","","","","","","N","","","","","","","","","","","","","","",""
"35","mptr610","1","mercury_ca.pbp","mptr610_xtab_oem_ref_mptr610_merc_raw.dat","xtab_oem_ref_mptr610_merc","","N","A","","","mptr610_araw_merc_ca.dat","9/16/2025 11:03:54 PM","RACE","","99","11/22/2013 8:24:05 AM","","OBSOLETE","","","","","","","","","","N","","","","","","","","","","","","","","",""
"36","mptr035","1","NISUSPRC.DAT","mptr035_xtab_oem_ref_mptr035_nis_price_raw.dat","xtab_oem_ref_mptr035_nis_price","","N","A","","","mptr035_araw_nis_us_price.dat","9/16/2025 11:02:28 PM","RACE","","1","8/15/2024 2:43:19 PM","","Mitchell C# app downloads 1 XML file. It then creates 6 dat files which are written to NT ftp directory. Reformats pick-up from NT.","","Y","","","","Y","","","","Y","","","23","27","","CD/DVD","","","","","","","","","TestData1
"
"37","mptr035","2","NISUSSUP.DAT","mptr035_xtab_oem_ref_mptr035_nis_super_raw.dat","xtab_oem_ref_mptr035_nis_super","","N","A","","","mptr035_araw_nis_us_super.dat","9/16/2025 11:02:28 PM","RACE","","1","8/15/2024 2:43:19 PM","","Mitchell C# app downloads 1 XML file. It then creates 6 dat files which are written to NT ftp directory. Reformats pick-up from NT.","","","","","","","","","","Y","","","23","27","","CD/DVD","","","","","","","","","TestData1
"
"38","mptr415","1","MITCHELL.TXT.ZIP","mptr415_xtab_oem_ref_mptr415_nis_raw.dat","xtab_oem_ref_mptr415_nis","","M","A","","","mptr415_araw_nis_ca.dat","9/16/2025 11:03:54 PM","RACE","","1","3/22/2024 6:24:27 AM","","MPTR415 REF file is used as I/P to: CANADA INFINITI. File is ftp'd from Mitchell's server in job mptr415.","Y","Y","N","Y","","Y","Y","N","N","Y","","","21","23","","FTP","","","","","","","","",""
"39","pptr035","1","NIS.zip","pptr035_xtab_oem_ref_pptr035_nis_raw.dat","xtab_oem_ref_pptr035_nis","","M","A","","","pptr035_araw_nis_pr.dat","9/16/2025 11:03:54 PM","RACE","","1","3/7/2024 7:44:07 AM","","Creates source file for Infiniti PR","N","N","","","","","","","N","Y","","","week of PR extract","week of PR extract","","FTP","","","","","","","","",""
"40","pptr075","1","ISU.zip","pptr075_xtab_oem_ref_pptr075_isu_raw.dat","xtab_oem_ref_pptr075_isu","","M","A",",","25","pptr075_araw_isu_pr.dat","9/16/2025 11:03:54 PM","RACE","","2","3/1/2012 1:07:21 PM","","","N","N","","","","","","","","N","","","week of PR extract","week of PR extract","","FTP","","","","","","","","",""
"41","pptr140","1","SUZ.zip","pptr140_xtab_oem_ref_pptr140_suz_raw.dat","xtab_oem_ref_pptr140_suz","","M","A",",","25","pptr140_araw_suz_pr.dat","9/16/2025 11:03:54 PM","RACE","","1","6/12/2023 5:39:28 AM","","","N","N","","","","","","","N","Y","","","week of PR extract","week of PR extract","","FTP","","","","","","","","",""
"42","mptr170","1","P_CSMM860Z_EMTSDATA_DCXSERVMST.zip","mptr170_xtab_oem_ref_mptr170_chr_raw.dat","xtab_oem_ref_mptr170_chr","","M","A","","","mptr170_araw_chr_us.dat","9/16/2025 11:03:54 PM","RACE","USASERVLIST","1","3/22/2024 12:37:31 PM","","Zipped file (without extension) is placed on Mitchell server. Reformat preprocess subscript adds .zip extension and then unzips file into race server.
                                 ** Be sure to run MX Chrysler reformat after US Chrysler reformat completes as MX uses US file.","N","Y","Y","Y","Reman and Core Parts are identified by digit(s) at beginning of part_number. JR and R indicate reman part. JU and U indicate core charge assoc to part. A JR or R part almost always has an associated JU or U part. They have some remanufactured parts that have no associated core because they do not want the part back.","Y","Y","Y","Y","Y","","","23","25","","Internet","","","","","","","","",""
"43","mptr070","1","INFUSPRC.DAT","mptr070_xtab_oem_ref_mptr070_inf_price_raw.dat","xtab_oem_ref_mptr070_inf_price","","N","A","","","mptr070_araw_inf_us_price.dat","9/16/2025 11:02:28 PM","RACE","","1","3/12/2024 12:27:11 PM","","Mitchell C# app downloads 1 XML file. It then creates 6 dat files which are written to NT ftp directory. Reformats pick-up from NT.","","Y","","","","Y","","","","Y","","","23","27","","CD/DVD","","","","","","","","","MITCHELL.TXT.ZIP
"
"44","mptr070","2","INFUSSUP.DAT","mptr070_xtab_oem_ref_mptr070_inf_super_raw.dat","xtab_oem_ref_mptr070_inf_super","","N","A","","","mptr070_araw_inf_us_super.dat","9/16/2025 11:02:28 PM","RACE","","1","3/12/2024 12:27:12 PM","","Mitchell C# app downloads 1 XML file. It then creates 6 dat files which are written to NT ftp directory. Reformats pick-up from NT.","","","","","","","","","","Y","","","23","27","","CD/DVD","","","","","","","","","MITCHELL.TXT.ZIP
"
"45","mptr035","3","NISUSSERV.DAT","mptr035_xtab_oem_ref_mptr035_nis_serv_raw.dat","xtab_oem_ref_mptr035_nis_serv","","N","A","","","mptr035_araw_nis_us_serv.dat","9/16/2025 11:02:28 PM","RACE","","1","8/15/2024 2:43:19 PM","","Mitchell C# app downloads 1 XML file. It then creates 6 dat files which are written to NT ftp directory. Reformats pick-up from NT.","","","","","","","","","","Y","","","23","27","","CD/DVD","","","","","","","","","TestData1
"
"46","mptr070","3","INFUSSERV.DAT","mptr070_xtab_oem_ref_mptr070_inf_serv_raw.dat","xtab_oem_ref_mptr070_inf_serv","","N","A","","","mptr070_araw_inf_us_srv.dat","9/16/2025 11:02:28 PM","RACE","","1","3/12/2024 12:27:12 PM","","Mitchell C# app downloads 1 XML file. It then creates 6 dat files which are written to NT ftp directory. Reformats pick-up from NT.","","","","","","","","","","Y","","","23","27","","CD/DVD","","","","","","","","","MITCHELL.TXT.ZIP
"
"47","mptr465","1","P_CSMM266Z_EMTSDATA_FIATCANSBF.zip","mptr465_xtab_oem_ref_mptr465_fiac_raw.dat","xtab_oem_ref_mptr465_fiac","","M","A","","","mptr465_araw_fiac_ca.dat","9/16/2025 11:03:54 PM","RACE","FIATPRICELIST","1","3/25/2024 11:02:40 AM","","Zipped file (without extension) is placed on Mitchell server. Reformat preprocess subscript adds .zip extension and then unzips file into race server.","N","Y","Y","Y","Reman and Core Parts are identified by digit(s) at beginning of part_number. JR and R indicate reman part. JU and U indicate core charge assoc to part. A JR or R part almost always has an associated JU or U part. They have some remanufactured parts that have no associated core because they do not want the part back.","Y","Y","N","Y","Y","","","23","25","","Internet","","","","","","","","",""
"48","mptr417","1","mptr415_ref_nis_ca.dat(0)","","","","","","","","mptr417_araw_inf_ca.dat","9/16/2025 11:03:54 PM","RACE","","1","","","Uses REF from MPTR415 as input to update job. Same REF file as CANADA Nissan.","Y","Y","N","Y","","Y","Y","N","N","Y","","","21","23","","FTP","","","","","","","","",""
"49","mptr055","1","P_CSMM860Z_EMTSDATA_FIATSERVMST.zip","mptr055_xtab_oem_ref_mptr055_fiac_raw.dat","xtab_oem_ref_mptr055_fiac","","M","A","","","mptr055_araw_fiac_us.dat","9/16/2025 11:03:54 PM","RACE","FIATSERVLIST","1","3/25/2024 5:35:47 AM","","Zipped file (without extension) is placed on Mitchell server. Reformat preprocess subscript adds .zip extension and then unzips file into race server.
                                 ** Be sure to run MX Fiat reformat after US Fiat reformat completes as MX uses US file.","N","Y","Y","Y","Reman and Core Parts are identified by digit(s) at beginning of part_number. JR and R indicate reman part. JU and U indicate core charge assoc to part. A JR or R part almost always has an associated JU or U part. They have some remanufactured parts that have no associated core because they do not want the part back.","Y","Y","Y","Y","Y","","","23","25","","Internet","","","","","","","","",""
"50","xptr035","1","nissanmx.txt","xptr035_xtab_oem_ref_xptr035_nis_raw.dat","xtab_oem_ref_xptr035_nis","","N","A","","","xptr035_araw_nis_mx.dat","9/16/2025 11:03:54 PM","RACE","","12","","","OBSOLETE","","","","","","","","","","N","","","","","","","","","","","","","","",""
"51","xptr170","1","mptr170_xtab_oem_ref_mptr170_chr_raw.dat","xptr170_xtab_oem_ref_xptr170_chr_raw.dat","xtab_oem_ref_xptr170_chr","","","A","","","xptr170_araw_chr_mx.dat","9/16/2025 11:03:54 PM","RACE","","1","3/22/2024 12:54:43 PM","","* Uses US Chrysler saved raw file from MPTR170 Reformat Job; Check RACE Online for price factor","N","Y","Y","Y","Reman and Core Parts are identified by digit(s) at beginning of part_number. JR and R indicate reman part. JU and U indicate core charge assoc to part. A JR or R part almost always has an associated JU or U part. They have some remanufactured parts that have no associated core because they do not want the part back.","Y","Y","Y","Y","Y","","","23","25","","Internet","","","","","","","","",""
"52","xptr185","1","renmx.prn","xptr185_xtab_oem_ref_xptr185_ren_raw.dat","xtab_oem_ref_xptr185_ren","","N","A","","","xptr185_araw_ren_mx.dat","9/16/2025 11:03:54 PM","RACE","","99","","","OBSOLETE","","","","","","","","","","N","","","","","","","","","","","","","","",""
"53","xptr190","1","mptr190_ref_nag_us.dat(0)","xptr190_xtab_oem_ref_xptr190_nag_raw.dat","xtab_oem_ref_xptr190_nag","","","A","","","xptr190_araw_nag_mx.dat","9/16/2025 11:03:54 PM","RACE","","4","1/8/2024 8:16:45 AM","","Uses US Reformat file (and price factor). Check RACE Online for price factor.","Y","N","N","N","","N","Y","N","N","N","","","","","","Email","","","","","","","","",""
"54","mptr065","1","Hyundai_Price_Update*.zip","mptr065_xtab_oem_ref_mptr065_hyu_raw.dat","xtab_oem_ref_mptr065_hyu","","M","A","","","mptr065_araw_hyu_us.dat","9/16/2025 11:03:54 PM","RACE","","1","3/22/2024 12:06:26 PM","","","Y","Y","Y","N","","Y","Y","N","N","N","","","21","26","","FTP","","","","","","","","",""
"55","mptr445","1","mptr445_xftp_hyuca.tmp","mptr445_xtab_oem_ref_mptr445_hyu_raw.dat","xtab_oem_ref_mptr445_hyu","get_sftp_file.pl","X","A","","","mptr445_araw_hyu_ca.dat","9/16/2025 11:02:28 PM","RACE","PRUPKM.TXT","6","3/27/2024 12:00:02 PM","mptr445_ftp_hyu_ca.prm","Reformat job picks up txt file from CA Hyundai sftp server.","Y","Y","Y","Y","","Y","Y","N","Y","Y","","","20","31","","Internet","Y","","","","https://sftp.hyundaicanada.com/webclient/Login.xhtml","","","","documents_20221101.zip
"
"56","vptr065","1","hyundaive.prn","vptr065_xtab_oem_ref_vptr065_hyu_raw.dat","xtab_oem_ref_vptr065_hyu","OBSOLETE","","A","","","vptr065_araw_hyu_ve.dat","9/16/2025 11:03:54 PM","RACE","","99","","","OBSOLETE","","","","","","","","","","N","","","","","","","","","","","","","","",""
"57","pptr055","1","FIAT.zip","pptr055_xtab_oem_ref_pptr055_fiac_raw.dat","xtab_oem_ref_pptr055_fiac","","M","A",",","25","pptr055_araw_fiac_pr.dat","9/16/2025 11:03:54 PM","RACE","","1","11/1/2018 1:36:43 PM","","","N","N","","","","","","","N","Y","","","week of PR extract","week of PR extract","","FTP","","","","","","","","",""
"58","xptr055","1","mptr055_xtab_oem_ref_mptr055_fiac_raw.dat","xptr055_xtab_oem_ref_xptr055_fiac_raw.dat","xtab_oem_ref_mptr055_fiac","","","A","","","xptr055_araw_fiac_mx.dat","9/16/2025 11:03:54 PM","RACE","","1","3/25/2024 10:56:10 AM","","* Uses US Fiat saved raw file from MPTR055 Reformat Job; Check RACE Online for price factor","N","Y","Y","Y","Reman and Core Parts are identified by digit(s) at beginning of part_number. JR and R indicate reman part. JU and U indicate core charge assoc to part. A JR or R part almost always has an associated JU or U part. They have some remanufactured parts that have no associated core because they do not want the part back.","Y","Y","Y","Y","Y","","","23","25","","Internet","","","","","","","","",""
"59","mptr420","1","CANPRICEMTH*.zip","mptr420_xtab_oem_ref_mptr420_for_raw.dat","xtab_oem_ref_mptr420_for_suppl","","M","A","","","mptr420_araw_for_ca_supp.dat","9/16/2025 11:03:54 PM","RACE","","1","8/2/2017 7:50:51 AM","","OBSOLETE AC (Auto Change Supplemental file parts whose prices have changed)","Y","N","N","Y","","N","Y","N","N","Y","","","","","","","","","","","","","","",""
"60","mptr020","1","mptr020_xftp_bmwus.zip","mptr020_xtab_oem_ref_mptr020_bmw_raw.dat","xtab_oem_ref_mptr020_bmw","get_sftp_file.ksh","X","A","","","mptr020_araw_bmw_us.dat","9/16/2025 11:03:54 PM","RACE","AUTOBOOK_MSRPONLY.zip","1","3/22/2024 9:43:52 AM","mptr020_ftp_bmw_us.prm","Automobiles: zip file containing 1 file is on BMW server in outgoing folder. Reformat transfers and unzips file.","Y","Y","Y","Y","","Y","Y","Y","Y","Y","","","21","23","","FTP","","","","","","","","",""
"61","mptr220","1","mptr220_xftp_bmwus_motor.zip","mptr220_xtab_oem_ref_mptr220_bmw_motor_raw.dat","xtab_oem_ref_mptr220_bmw_motor","get_sftp_file.ksh","X","A","","","mptr220_araw_bmw_us.dat","9/16/2025 11:03:54 PM","RACE","MOTOBOOK_MSRPONLY.zip","1","3/22/2024 9:50:19 AM","mptr220_ftp_bmw_us_motor.prm","Motorcycles: zip file containing 1 file is on BMW server in outgoing folder. Reformat transfers and unzips file.","Y","Y","Y","Y","","Y","Y","Y","Y","Y","","","21","23","","FTP","","","","","","","","",""
"62","mptr460","1","hondaca_motorcycle.prc","mptr460_xtab_oem_ref_mptr460_hon_motor_raw.dat","xtab_oem_ref_mptr460_hon_motor","","N","A","","","mptr460_araw_hon_ca.dat","9/16/2025 11:02:28 PM","RACE","","1","3/15/2024 7:44:24 AM","","Motorcycles; Input file should be renamed to hondaca_motorcycle.prc","Y","Y","Y","Y","","Y","N","N","Y","N","","","2nd week of month (around 11th)","2nd week of month (around 11th)","","Internet","Y","","","","https://www.portal.honda.ca/HubWeb/","","","","price_mcycl_srvb_file_20221112_effective_20221201.txt
"
"63","mptr497","1","","mptr495_xtab_oem_ref_mptr495_toy_raw.dat","xtab_oem_ref_mptr495_toy_price","","","A","","","","9/16/2025 11:03:54 PM","RACE","","1","","","* Uses Canada Toyota XTAB file for reformat","N","Y","Y","Y","(see CA Toyota)","Y","Y","N","N","Y","","","21","22","","FTP","","","","","","","","",""
"64","mptr145","1","toy_us.dat","mptr145_xtab_oem_ref_mptr145_toy_raw.dat","xtab_oem_ref_mptr145_toy_price","","N","A","","","mptr145_araw_toy_us.dat","9/16/2025 11:03:54 PM","RACE","","1","6/19/2024 4:00:06 PM","","Toyota updates file daily. Mitchell will pick-up weekly. Mitchell C# pgm retrieves xml from Toyota server, creates Toyota and Lexus dat files, and places them on NT server. Reformat jobs retrieve files from NT. File contains 2 rec-types: 2 = Price; 6 = Super.","Y","Y","Y","Y","","Y","N","N","Y","Y","","","12","17","","FTP","","","","","","","","",""
"65","vptr060","1","hondave.prn","vptr060_xtab_oem_ref_vptr060_hon_raw.dat","xtab_oem_ref_vptr060_hon","","N","A","","","vptr060_araw_hon_ve.dat","9/16/2025 11:03:54 PM","RACE","","99","","","OBSOLETE","","","","","","","","","","N","","","","","","","","","","","","","","",""
"66","mptr075","1","ISUZU-*-US-10DIGIT-RTL","mptr075_xtab_oem_ref_mptr075_isu_raw.dat","xtab_oem_ref_mptr075_isu","","M","A","","","mptr075_araw_isu_us.dat","9/16/2025 11:03:54 PM","RACE","","1","3/20/2024 9:28:05 AM","","Data FTP to Mitchell FTP Server","Y","Y","Y","N","","Y","Y","N","N","Y","","","22","28","","FTP","","","","","","","","",""
"67","mptr125","1","PartsPriceUS.zpp","mptr125_xtab_oem_ref_mptr125_saa_raw.dat","xtab_oem_ref_mptr125_saa","","N","A",",","","mptr125_araw_saa_us.dat","9/16/2025 11:02:28 PM","RACE","","1","2/26/2024 9:38:01 AM","","File is emailed to production.control.oem as zip file containing csv file. Extension is zpp. Stage zip file as named, making sure it matches INPUT_FILE_NAME. Note csv file in the zip can be named anything but there should be ONLY 1 file in the zip.","N","Y","Y","N","","Y","Y","N","N","Y","","","24","29","","Email","Y","","","Y","","Y","Admin Portal <postmaster@protech1inc.com>","Saab Monthly Parts Price File","PartsPriceUS.zpp
"
"68","mptr165","1","","mptr050_xtab_oem_ref_mptr050_gmc_price_raw.dat","xtab_oem_ref_mptr050_gmc_price","","","A","","","","9/16/2025 11:03:54 PM","RACE","","1","10/4/2010 7:34:47 AM","","Uses MPTR050 US GM XTAB files","","Y","","","","Y","","","","Y","","","same as US GM","same as US GM","","FTP","","","","","","","","",""
"69","mptr175","1","mptr175_xftp_kiaus.zip","mptr175_xtab_oem_ref_mptr175_kia_raw.dat","xtab_oem_ref_mptr175_kia","get_sftp_file.pl","X","A","","","mptr175_araw_kia_us.dat","9/16/2025 11:03:54 PM","RACE","DMDMONTHLY`datecalc.ksh +30 < ${WORKIT}| cut -f1 -d""/""`.*\.zip","1","3/27/2024 6:40:00 AM","mptr175_ftp_kia_us.prm","FTP'd from KIA's server.  Connection information is stored in parm:  oem_ref_xftp_kia.prmFile.   Every 3 months, the file will consist of a full history. On the other months, the file will contain just new parts and new prices.","Y","Y","Y","N","","Y","Y","N","N","N","","","22","27","","FTP","","","","","","","","",""
"70","mptr710","1","saabgmca.txt","mptr710_xtab_oem_ref_mptr710_saa_xref_raw.dat","xtab_oem_ref_mptr710_saa_xref","","N","A","","","mptr710_araw_saa_ca_xref.dat","9/16/2025 11:02:28 PM","RACE","","1","10/23/2009 2:29:40 PM","","OBSOLETE","","","","","","","","","","N","","","","","","","","","","","","","","","pricecan.txt
"
"71","vptr185","1","renve.prn","vptr185_xtab_oem_ref_vptr185_ren_raw.dat","xtab_oem_ref_vptr185_ren","OBSOLETE","","A","","","vptr185_araw_ren_ve.dat","9/16/2025 11:03:54 PM","RACE","","99","","","OBSOLETE","","","","","","","","","","N","","","","","","","","","","","","","","",""
"72","vptr050","1","gmcve.prn","vptr050_xtab_oem_ref_vptr050_gmc_raw.dat","xtab_oem_ref_vptr050_gmc","OBSOLETE","","A","","","vptr050_araw_gmc_ve.dat","9/16/2025 11:03:54 PM","RACE","","99","","","OBSOLETE","","","","","","","","","","N","","","","","","","","","","","","","","",""
"73","mptr165","2","","mptr050_xtab_oem_ref_mptr050_gmc_super_raw.dat","xtab_oem_ref_mptr050_gmc_super","","","A","","","","9/16/2025 11:03:54 PM","RACE","","1","10/4/2010 7:34:47 AM","","Uses MPTR050 US GM XTAB files","","","","","","","","","","Y","","","same as US GM","same as US GM","","FTP","","","","","","","","",""
"74","mptr289","1","mptr289_xftp_kawus.zipped","","","get_ftp_file.pl","X","A","","","mptr289_araw_kaw_us.zip","9/16/2025 11:03:54 PM","RACE","*`get_previous_quarter.ksh`*.zip","4","","mptr289_ftp_kaw_us.prm","QUARTERLY file is only used by Editorial; no longer for price updates. Only run mptr289 for file pick-up and delivery to Editorial.","","","","","","","","","","N","","","","","","Internet","","","","","","","","",""
"75","xptr145","1","xptr145_xftp_mexico_unix.tmp","xptr145_xtab_oem_ref_xptr145_toy_raw.dat","xtab_oem_ref_xptr145_toy_price","get_ftps_file.ksh","X","A","","","xptr145_araw_toy_mx.dat","9/16/2025 11:03:54 PM","RACE","mexico_unix.txt","1","3/19/2024 6:05:27 AM","mptr145_ftp_toy_us.prm","FTP'd from Toyota's server.  Connection information is stored in parm:  oem_ref_xftp_toy.prm file. ","Y","Y","Y","Y","","Y","N","N","Y","Y","","","12","17","","FTP","","","","","","","","",""
"76","mptr080","2","","mptr080_xtab_oem_ref_mptr080_lex_raw.dat","xtab_oem_ref_mptr080_lex_super","","","A","","","mptr080_araw_lex_us.dat","9/16/2025 11:03:54 PM","RACE","","1","","","Toyota updates file daily. Mitchell will pick-up weekly. Mitchell C# pgm retrieves xml from Toyota server, creates Toyota and Lexus dat files, and places them on NT server. Reformat jobs retrieve files from NT. File contains 2 rec-types: 2 = Price; 6 = Super.","Y","Y","Y","Y","","Y","N","N","Y","Y","","","12","17","","FTP","","","","","","","","",""
"77","mptr145","2","","mptr145_xtab_oem_ref_mptr145_toy_raw.dat","xtab_oem_ref_mptr145_toy_super","","","A","","","mptr145_araw_toy_us.dat","9/16/2025 11:03:54 PM","RACE","","1","","","Toyota updates file daily. Mitchell will pick-up weekly. Mitchell C# pgm retrieves xml from Toyota server, creates Toyota and Lexus dat files, and places them on NT server. Reformat jobs retrieve files from NT. File contains 2 rec-types: 2 = Price; 6 = Super.","Y","Y","Y","Y","","Y","N","N","Y","Y","","","12","17","","FTP","","","","","","","","",""
"78","mptr085","1","mptr085_xftp_dmsfile.tmp","mptr085_xtab_oem_ref_mptr085_maz_raw.dat","xtab_oem_ref_mptr085_maz","get_ftp_file.pl","X","A","","","mptr085_araw_maz_us.dat","9/16/2025 11:03:54 PM","RACE","dmsfile","1","3/27/2024 5:40:02 AM","mptr085_ftp_maz_us.prm","FTP'd from Mazda's server.  Connection information is stored in parm:  oem_ref_xftp_maz.prm.  ","Y","Y","Y","Y","","Y","Y","N","N","Y","","","20","24","","FTP","","","","","","","","",""
"79","mptr115","1","porschus.prc","mptr115_xtab_oem_ref_mptr115_por_raw.dat","xtab_oem_ref_mptr115_por","","N","A","","","mptr115_araw_por_us.dat","9/16/2025 11:02:28 PM","RACE","","1","3/22/2024 10:20:48 AM","","","Y","Y","N","Y","","Y","Y","N","Y","N","","","24","29","","Email","Y","","","Y","","Y","Osborne, Amanda (PCNA-AB) <amanda.osborne@porsche.us> ","USDRETAIL MM YYYY.zip","USDRETAIL MM YYYY.zip
"
"80","mptr480","1","porschca.prc","mptr480_xtab_oem_ref_mptr480_por_raw.dat","xtab_oem_ref_mptr480_por","","N","A","","","mptr480_araw_por_ca.dat","9/16/2025 11:02:28 PM","RACE","","1","3/28/2024 9:28:29 AM","","","Y","Y","N","Y","","Y","Y","N","Y","N","","","24","29","","Email","Y","","","Y","","Y","Anthony (PCL-AP) <anthony.simms@porsche.ca>","CAD Dealer and Retail YYYY MM","CADDEALERANDRETAIL YYYY MM.zip
"
"81","mptr150","2","Volvo_US_RTLREPLPRICE*.txt","mptr150_xtab_oem_ref_mptr150_vol_super_raw.dat","xtab_oem_ref_mptr150_vol_super","","M","A","","","mptr150_araw_vol_us_super.dat","9/16/2025 11:03:54 PM","RACE","","1","3/22/2024 5:37:50 AM","","2 US and 2 CA files (Price and Super) are staged on Mitchell's server. US Reformat picks up US files. CA Reformat picks up CA files.","","","","Y","Discontinued are idenitifed by PART NO EXPIRED in new part number field.","","","N","N","Y","","","17","21","","FTP","","","","","","","","",""
"82","mptr500","1","Volvo_CA_RTLPRICE*.txt","mptr500_xtab_oem_ref_mptr500_vol_price_raw.dat","xtab_oem_ref_mptr500_vol_price","","M","A","","","mptr500_araw_vol_ca_price.dat","9/16/2025 11:03:54 PM","RACE","","1","3/22/2024 5:47:25 AM","","2 US and 2 CA files (Price and Super) are staged on Mitchell's server. US Reformat picks up US files. CA Reformat picks up CA files.","N","Y","N","Y","Reman and Core Parts have part prefix pairings. (E.g. 36000 = reman; 36006 = core) See reformat pgm.","Y","Y","","","Y","","","17","21","","FTP","","","","","","","","",""
"83","mptr500","2","Volvo_CA_RTLREPLPRICE*.txt","mptr500_xtab_oem_ref_mptr500_vol_super_raw.dat","xtab_oem_ref_mptr500_vol_super","","M","A","","","mptr500_araw_vol_ca_super.dat","9/16/2025 11:03:54 PM","RACE","","1","3/22/2024 5:47:25 AM","","2 US and 2 CA files (Price and Super) are staged on Mitchell's server. US Reformat picks up US files. CA Reformat picks up CA files.","","","","Y","Discontinued are idenitifed by PART NO EXPIRED in new part number field.","","","N","N","Y","","","17","21","","FTP","","","","","","","","",""
"84","mptr140","1","autopts.zip","mptr140_xtab_oem_ref_mptr140_suz_raw.dat","xtab_oem_ref_mptr140_suz","","N","A","","","mptr140_araw_suz_us.dat","9/16/2025 11:02:28 PM","RACE","","1","3/4/2024 7:58:23 AM","","Data downloaded from web","Y","N","Y","Y","","Y","Y","N","N","N","","","1","3","","Internet","Y","","","","https://www.suzukiconnect.com/wps/portal/suzukiconnectlogin","","","","autopts.zip
"
"85","mptr240","1","cyclepts.zip","mptr240_xtab_oem_ref_mptr240_suz_raw.dat","xtab_oem_ref_mptr240_suz","","N","A","","","mptr240_araw_suz_us.dat","9/16/2025 11:02:28 PM","RACE","","1","3/4/2024 8:01:38 AM","","Data downloaded from web","Y","N","Y","Y","","Y","Y","N","N","N","","","1","3","","Internet","Y","","","","https://www.suzukiconnect.com/wps/portal/suzukiconnectlogin","","","","cyclepts.zip
"
"86","mptr510","1","suzukica.prc","mptr510_xtab_oem_ref_mptr510_suz_raw.dat","xtab_oem_ref_mptr510_suz","","N","A","","","mptr510_araw_suz_ca.dat","9/16/2025 11:02:28 PM","RACE","","6","1/17/2024 7:34:16 AM","","Data downloaded from web","Y","N","Y","N","","N","Y","N","N","N","","","N/A","N/A","","Internet","Y","","","","https://suzukihub.ca/","","","","V-AUTO.zip
"
"87","mptr040","1","daewoous.txt","mptr040_xtab_oem_ref_mptr040_dae_raw.dat","xtab_oem_ref_mptr040_dae","","N","A","","","mptr040_araw_dae_us.dat","9/16/2025 11:03:54 PM","RACE","","12","1/29/2015 7:41:15 AM","","OBSOLETE","Y","N","Y","N","","N","Y","N","N","N","","","","","","","","","","","","","","",""
"88","mptr135","1","subaruus.prc","mptr135_xtab_oem_ref_mptr135_sub_raw.dat","xtab_oem_ref_mptr135_sub","","N","A","","","mptr135_araw_sub_us.dat","9/16/2025 11:02:28 PM","RACE","","1","3/21/2024 8:23:41 AM","","","Y","Y","Y","Y","","Y","Y","N","Y","N","","","20","25","","Email","Y","","","Y","","Y","ptsprice@subaru.com","Pricing File(s) as of DD-MMM-YYYY","dealer_pricing_file.zip
"
"89","mptr490","1","subaruca.prc","mptr490_xtab_oem_ref_mptr490_sub_price_raw.dat","xtab_oem_ref_mptr490_sub_price","","N","A","","","mptr490_araw_sub_ca_price.dat","2/16/2026 5:21:04 AM","RACEJOB","","6","2/16/2026 5:21:04 AM","","","","","","","","","","","","N","","","20","25","","Email","Y","","","Y","","Y","Manny Lalicon <mlalicon@subaru.ca>","Effective MMMM 1st price file update","YYYY_MM_DD_PartsPrice_Export.piz.zip
"
"90","mptr440","1","suzukica_motor.prc","mptr440_xtab_oem_ref_mptr440_suz_motor_raw.dat","xtab_oem_ref_mptr440_suz_motor","","N","A","","","mptr440_araw_suz_ca_motor.dat","9/16/2025 11:02:28 PM","RACE","","6","1/17/2024 7:37:32 AM","","Data downloaded from web","Y","N","Y","Y","","Y","Y","N","N","N","","","N/A","N/A","","Internet","Y","","","","https://suzukihub.ca/","","","","V-MC.zip
"
"91","pptr045","1","FOR.zip","pptr045_xtab_oem_ref_pptr045_for_raw.dat","xtab_oem_ref_pptr045_for","","M","A",",","25","pptr045_araw_for_pr.dat","9/16/2025 11:03:54 PM","RACE","","1","3/7/2024 7:55:54 AM","","","N","N","","","","","","","N","Y","","","week of PR extract","week of PR extract","","FTP","","","","","","","","",""
"92","lptr040","1","fordbz1.prc","lptr040_xtab_oem_ref_lptr040_for_fl4_raw.dat","xtab_oem_ref_lptr040_for_fl4","","N","","","","lptr040_araw_prc1_for_br.dat","9/16/2025 11:03:54 PM","RACE","","99","","","OBSOLETE","","","","","","","","","","N","","","","","","","","","","","","","","",""
"93","lptr040","2","fordbz2.prc","lptr040_xtab_oem_ref_lptr040_for_fl3_raw.dat","xtab_oem_ref_lptr040_for_fl3","","N","","","","lptr040_araw_prc2_for_br.dat","9/16/2025 11:03:54 PM","RACE","","99","","","OBSOLETE","","","","","","","","","","N","","","","","","","","","","","","","","",""
"94","lptr040","3","fordbz.sup","lptr040_xtab_oem_ref_lptr040_for_f02_raw.dat","xtab_oem_ref_lptr040_for_f02","","N","","","","lptr040_araw_sup_for_br.dat","9/16/2025 11:03:54 PM","RACE","","99","","","OBSOLETE","","","","","","","","","","N","","","","","","","","","","","","","","",""
"95","pptr020","1","BMW.zip","pptr020_xtab_oem_ref_pptr020_bmw_raw.dat","xtab_oem_ref_pptr020_bmw","","M","A",",","25","pptr020_araw_bmw_pr.dat","9/16/2025 11:03:54 PM","RACE","","1","1/19/2024 7:20:46 AM","","","N","N","","","","","","","N","N","","","week of PR extract","week of PR extract","","FTP","","","","","","","","",""
"96","mptr410","1","P_CSMM266Z_EMTSDATA_DCXCANSBF.zip","mptr410_xtab_oem_ref_mptr410_chr_raw.dat","xtab_oem_ref_mptr410_chr","","M","A","","","mptr410_araw_chr_ca.dat","9/16/2025 11:02:28 PM","RACE","CANPRICELIST","1","3/25/2024 5:43:24 AM","","Zipped file (without extension) is placed on Mitchell server. Reformat preprocess subscript adds .zip extension and then unzips file into race server.","N","Y","Y","Y","Reman and Core Parts are identified by digit(s) at beginning of part_number. JR and R indicate reman part. JU and U indicate core charge assoc to part. A JR or R part almost always has an associated JU or U part. They have some remanufactured parts that have no associated core because they do not want the part back.","Y","Y","N","Y","Y","","","27","31","","Internet","Y","","","","","Y","sheetal.kashyap@mitchell.com","test","TestData2
"
"97","mptr290","1","mptr289_raw_kaw_us_price.dat","mptr290_xtab_oem_ref_mptr290_kaw_price_raw.dat","xtab_oem_ref_mptr290_kaw_price","","N","A","","","mptr290_araw_kaw_us_price.dat","9/16/2025 11:02:28 PM","RACE","","4","6/22/2022 2:10:39 PM","","OBSOLETE QUARTERLY file is only used by Editorial; no longer for price updates. Only run mptr289 for file pick-up and delivery to Editorial.","N","N","N","N","","N","N","N","N","N","","","4","6","","Internet","Y","","","","https://www.k-dealer.com/Site/_mem_bin/DealerLogin.asp?bolLogoff=true","","","","IMINF009110422.zip
"
"98","mptr050","1","mptr050_sftp_us_gmc_price.tmp","mptr050_xtab_oem_ref_mptr050_gmc_price_raw.dat","xtab_oem_ref_mptr050_gmc_price","get_sftp_file.ksh","X","A","","","mptr050_araw_gmc_us_price.dat","9/16/2025 11:03:54 PM","RACE","_TRADE.txt","1","10/31/2024 4:49:56 PM","mptr050_ftp_gmc_us.prm","2 files staged on their server for sftp download: 1- Price file (containing car and truck parts); 2-Super file (containing disc and super). These files are also used by US Saturn. ","","Y","","","","Y","","","","Y","","","13","16","","FTP","","","","","","","","",""
"99","vptr155","1","vwve.txt","vptr155_xtab_oem_ref_vptr155_vw_raw.dat","xtab_oem_ref_vptr155_vw","OBSOLETE","","A",";","40","vptr155_araw_vw_ve.dat","9/16/2025 11:03:54 PM","RACE","","99","","","OBSOLETE","","","","","","","","","","N","","","","","","","","","","","","","","",""
"100","mptr260","1","hondaus_motorcycle.prc","mptr260_xtab_oem_ref_mptr260_hon_motor_raw.dat","xtab_oem_ref_mptr260_hon_motor","","N","A","","","mptr260_araw_hon_us.dat","9/16/2025 11:02:28 PM","RACE","","1","3/21/2024 7:14:02 AM","","Motorcycles","Y","Y","Y","Y","","Y","N","N","Y","N","","","21","23","","Internet","Y","","","","http://www.ahdppl.com/rbaadppl/RBXALOGN.asp","","","","MO.RDMADPPL.FULL_MCPW.exe
"
"101","mptr060","1","hondaus.prc","mptr060_xtab_oem_ref_mptr060_hon_raw.dat","xtab_oem_ref_mptr060_hon","","N","A","","","mptr060_araw_hon_us.dat","9/16/2025 11:02:28 PM","RACE","","1","3/21/2024 7:04:44 AM","","Data is downloaded from Honda/Acura web site","Y","Y","Y","Y","","Y","N","N","Y","N","","","21","23","","Internet","Y","","","","http://www.ahdppl.com/rbaadppl/RBXALOGN.asp","","","","MO.RDAADPPL.FULL_AH.exe
"
"102","mptr010","1","acuraus.prc","mptr010_xtab_oem_ref_mptr010_acu_raw.dat","xtab_oem_ref_mptr010_acu","","N","A","","","mptr010_araw_acu_us.dat","9/16/2025 11:02:28 PM","RACE","","1","3/21/2024 6:46:38 AM","","Download US Acura file from OEM website and save as prod3nt/cdprod02/ftp_data/prod/oem/acuraus.prc (ensure the filename is all lowercase).","Y","Y","Y","Y","","Y","N","N","Y","N","","","21","23","","Internet","Y","","","","http://www.ahdppl.com/rbaadppl/RBXALOGN.asp","","","","MO.RDBADPPL.FULL_AC.exe
"
"103","mptr400","1","acuraca.prc","mptr400_xtab_oem_ref_mptr400_acu_raw.dat","xtab_oem_ref_mptr400_acu","","N","A","","","mptr400_araw_acu_ca.dat","9/16/2025 11:02:28 PM","RACE","","1","3/15/2024 7:17:38 AM","","Download Canada Acura file from OEM website and save as prod3nt/cdprod02/ftp_data/prod/oem/acuraca.prc (ensure the filename is all lowercase).","Y","Y","Y","Y","","Y","Y","N","Y","Y","","","2nd week of month (around 11th)","2nd week of month (around 11th)","","Internet","Y","","",""," https://www.portal.honda.ca/HubWeb/","","","","price_acura_srvb_file_2022101_effective_202211011.txt
"
"104","mptr080","1","lex_us.dat","mptr080_xtab_oem_ref_mptr080_lex_raw.dat","xtab_oem_ref_mptr080_lex_price","","N","A","","","mptr080_araw_lex_us.dat","9/16/2025 11:03:54 PM","RACE","","1","6/24/2024 12:04:12 PM","","Toyota updates file daily. Mitchell will pick-up weekly. Mitchell C# pgm retrieves xml from Toyota server, creates Toyota and Lexus dat files, and places them on NT server. Reformat jobs retrieve files from NT. File contains 2 rec-types: 2 = Price; 6 = Super.","Y","Y","Y","Y","","Y","N","N","Y","Y","","","12","17","","FTP","","","","","","","","",""
"105","pptr080","1","LEX.zip","pptr080_xtab_oem_ref_pptr080_lex_raw.dat","xtab_oem_ref_pptr080_lex","","M","A",",","25","pptr080_araw_lex_pr.dat","9/16/2025 11:03:54 PM","RACE","","1","3/12/2024 9:50:14 AM","","","N","N","","","","","","","N","Y","","","week of PR extract","week of PR extract","","FTP","","","","","","","","",""
"106","pptr060","1","HON.zip","pptr060_xtab_oem_ref_pptr060_hon_raw.dat","xtab_oem_ref_pptr060_hon","","M","A",",","25","pptr060_araw_hon_pr.dat","9/16/2025 11:03:54 PM","RACE","","1","3/7/2024 8:05:59 AM","","","N","N","","","","","","","N","N","","","week of PR extract","week of PR extract","","FTP","","","","","","","","",""
"107","pptr260","1","HONMOTOR.zip","pptr260_xtab_oem_ref_pptr260_hon_motor_raw.dat","xtab_oem_ref_pptr260_hon_motor","","M","A",",","25","pptr260_araw_hon_pr.dat","9/16/2025 11:03:54 PM","RACE","","99","","","OBSOLETE Motorcycles","N","N","","","","","","","N","N","","","","","","","","","","","","","","",""
"108","mptr495","1","mptr495_xftp_toyca.tmp","mptr495_xtab_oem_ref_mptr495_toy_raw.dat","xtab_oem_ref_mptr495_toy_price","get_sftp_file.pl","X","A","","","mptr495_araw_toy_ca.dat","9/16/2025 11:03:54 PM","RACE","TCI_PRT191.PRICEBOOK.*\.txt","1","3/28/2024 6:54:35 AM","mptr495_ftp_toy_ca.prm","The filename is TCI_PRT191.PRICEBOOK_YYYYMMDDHHMMSS.txt where YYYYMMDDHHMMSS is the timestamp the file was sent. File is downloaded from CA Toyota sftp server via perl script. It contains 2 record types; therefore 2 XTAB defs. REF file is also used as input to CA Lexus.","N","Y","Y","Y","Core parts are identified by specific values in pos 11 and 12 of part number and are bypassed from Ptrans creation. Reman parts contain 84 in pos 11 and 12. Hyphens are inserted in part number.","Y","Y","N","N","Y","delete_sftp_file.pl","","21","22","","FTP","","","","","","","","",""
"109","pptr145","1","TOY.zip","pptr145_xtab_oem_ref_pptr145_toy_raw.dat","xtab_oem_ref_pptr145_toy","","M","A",",","25","pptr145_araw_toy_pr.dat","9/16/2025 11:03:54 PM","RACE","","2","3/12/2024 10:04:03 AM","","/puerto_rico/prod/incoming/TOY.ZIP","N","N","","","","","","","N","Y","","","week of PR extract","week of PR extract","","FTP","","","","","","","","",""
"110","vptr145","1","toyotave.prc","vptr145_xtab_oem_ref_vptr145_toy_raw.dat","xtab_oem_ref_vptr145_toy","OBSOLETE","","A","","","vptr145_araw_toy_ve.dat","9/16/2025 11:03:54 PM","RACE","","99","4/14/2008 3:14:09 PM","","OBSOLETE","","","","","","","","","","N","","","","","","","","","","","","","","",""
"111","xptr050","1","gmcmx.prc","xptr050_xtab_oem_ref_xptr050_gmc_price_raw.dat","xtab_oem_ref_xptr050_gmc_price","","N","A","|","","xptr050_araw_gmc_mx_price.dat","9/16/2025 11:03:54 PM","RACE","","6","","","OBSOLETE","","","","","","","","","","Y","","","","","","","","","","","","","","",""
"112","mptr250","1","mptr249_araw_hdmus.zip","mptr250_xtab_oem_ref_mptr250_hdm_motor_raw.dat","xtab_oem_ref_mptr250_hdm_motor","","N","A","|","","mptr250_araw_hdm_us.dat","8/12/2026 8:18:40 AM","RACEJOB","","1","8/12/2026 8:18:40 AM","","","N","N","Y","N","","Y","Y","N","N","N","","","2","7","","Email","Y","","","Y","","Y","Doehrmann, Corey <Corey.Doehrmann@harley-davidson.com>","Pricebook MMMM D, YYYY","YYMMDD.zip
"
"113","lptr160","1","peugeobr.prn","lptr160_xtab_oem_ref_lptr160_peu_raw.dat","xtab_oem_ref_lptr160_peu","","N","A","","","lptr160_araw_peu_br.dat","9/16/2025 11:03:54 PM","RACE","","99","","","OBSOLETE","","","","","","","","","","N","","","","","","","","","","","","","","",""
"114","mptr045","1","AP01186O_Level3_*.zip","mptr045_xtab_oem_ref_mptr045_for_raw.dat","xtab_oem_ref_mptr045_for","","M","A","","","mptr045_araw_for_us.dat","9/16/2025 11:03:54 PM","RACE","","1","3/1/2024 6:05:59 AM","","","Y","Y","Y","N","","Y","Y","N","Y","Y","","","1","3","","FTP","","","","","","","","",""
"115","mptr425","1","CANCOMPPRICE*.ZIP","mptr425_xtab_oem_ref_mptr425_for_raw.dat","xtab_oem_ref_mptr425_for_price","","M","A","","","mptr425_araw_for_ca.dat","9/16/2025 11:03:54 PM","RACE","","1","3/8/2024 6:42:41 AM","","AP (all parts)","","Y","","","","Y","","","","Y","","","6","9","","FTP","","","","","","","","",""
"116","xptr045","1","fordmx.zip","xptr045_xtab_oem_ref_xptr045_for_raw.dat","xtab_oem_ref_xptr045_for","","N","A","","","xptr045_araw_for_mx.dat","9/16/2025 11:03:54 PM","RACE","","99","","","OBSOLETE","","","","","","","","","","Y","","","","","","","","","","","","","","",""
"117","mptr050","2","mptr050_sftp_us_gmc_super.tmp","mptr050_xtab_oem_ref_mptr050_gmc_super_raw.dat","xtab_oem_ref_mptr050_gmc_super","get_sftp_file.ksh","X","A","","","mptr050_araw_gmc_us_super.dat","9/16/2025 11:03:54 PM","RACE","_PACN.txt","1","10/31/2024 4:49:56 PM","mptr050_ftp_gmc_us.prm","2 files staged on their server for sftp download: 1- Price file (containing car and truck parts); 2-Super file (containing disc and super). These files are also used by US Saturn. ","","","","","","","","","","Y","","","13","16","","FTP","","","","","","","","",""
"118","xptr050","2","gmcmx.sup","xptr050_xtab_oem_ref_xptr050_gmc_super_raw.dat","xtab_oem_ref_xptr050_gmc_super","","N","A","|","","xptr050_araw_gmc_mx_super.dat","9/16/2025 11:03:54 PM","RACE","","6","","","OBSOLETE","","","","","","","","","","Y","","","","","","","","","","","","","","",""
"119","mptr425","2","CANOBS*.ZIP","mptr425_xtab_oem_ref_mptr425_for_raw_super.dat","xtab_oem_ref_mptr425_for_super","","M","A","","","mptr425_araw_for_ca_super.dat","9/16/2025 11:03:54 PM","RACE","","1","3/8/2024 6:42:45 AM","","Obsolete Parts","","","","","","","","","","Y","","","6","9","","FTP","","","","","","","","",""
"120","mptr095","1","price.zip","mptr095_xtab_oem_ref_mptr095_mit_raw.dat","xtab_oem_ref_mptr095_mit","","M","A","","","mptr095_araw_mit_us.dat","9/16/2025 11:03:54 PM","RACE","","1","2/13/2025 9:08:12 PM","","File is ftp'd from Mitchell's server in job mptr095","Y","Y","Y","Y","","Y","Y","N","N","N","","","23","27","","FTP","","","","","","","","",""
"121","lptr155","1","vwbz1.prc","lptr155_xtab_oem_ref_lptr155_vw_fl4_raw.dat","xtab_oem_ref_lptr155_vw_fl4","","N","A","","","lptr155_araw_prc1_vw_br.dat","9/16/2025 11:03:54 PM","RACE","","99","","","OBSOLETE","","","","","","","","","","N","","","","","","","","","","","","","","",""
"122","lptr155","2","vwbz2.prc","lptr155_xtab_oem_ref_lptr155_vw_fl3_raw.dat","xtab_oem_ref_lptr155_vw_fl3","","N","A","","","lptr155_araw_prc2_vw_br.dat","9/16/2025 11:03:54 PM","RACE","","99","","","OBSOLETE","","","","","","","","","","N","","","","","","","","","","","","","","",""
"123","lptr155","3","vwbz.sup","lptr155_xtab_oem_ref_lptr155_vw_f02_raw.dat","xtab_oem_ref_lptr155_vw_f02","","N","A","","","lptr155_araw_sup_vw_br.dat","9/16/2025 11:03:54 PM","RACE","","99","","","OBSOLETE","","","","","","","","","","N","","","","","","","","","","","","","","",""
"124","lptr155","4","aubz1.prc","lptr155_xtab_oem_ref_lptr155_au_fl4_raw.dat","xtab_oem_ref_lptr155_au_fl4","","N","A","","","lptr155_araw_prc1_au_br.dat","9/16/2025 11:03:54 PM","RACE","","99","","","OBSOLETE","","","","","","","","","","N","","","","","","","","","","","","","","",""
"125","lptr155","5","aubz2.prc","lptr155_xtab_oem_ref_lptr155_au_fl3_raw.dat","xtab_oem_ref_lptr155_au_fl3","","N","A","","","lptr155_araw_prc2_au_br.dat","9/16/2025 11:03:54 PM","RACE","","99","","","OBSOLETE","","","","","","","","","","N","","","","","","","","","","","","","","",""
"126","lptr155","6","aubz.sup","lptr155_xtab_oem_ref_lptr155_au_f02_raw.dat","xtab_oem_ref_lptr155_au_f02","","N","A","","","lptr155_araw_sup_au_br.dat","9/16/2025 11:03:54 PM","RACE","","99","","","OBSOLETE","","","","","","","","","","N","","","","","","","","","","","","","","",""
"127","mptr090","1","Mitchell.zip","mptr090_xtab_oem_ref_mptr090_mbz_raw.dat","xtab_oem_ref_mptr090_mbz","","M","A","","","mptr090_araw_mbz_us.dat","9/16/2025 11:03:54 PM","RACE","","1","3/27/2024 7:03:52 AM","","","Y","Y","N","Y","Parts have Base and possibly ES1 and/or ES2. ES1 contains core (70) / reman codes (various 80's and 90). ES2 contains color codes. See program.","Y","Y","N","N","Y","","","26","30","","FTP","","","","","","","","",""
"128","mptr850","1","jones_us_price.txt","mptr850_xtab_oem_ref_mptr850_jone_raw.dat","xtab_oem_ref_mptr850_jone","","N","A","","","mptr850_araw_jone_us.dat","12/14/2023 12:36:58 PM","RACEJOB","","6","12/14/2023 12:36:58 PM","","tab-delimited txt and xlsx files provided via email. txt is price file. xlsx is for Editors.","N","N","N","N","","N","N","N","N","N","","","","","","","","","","","","","","",""
"129","mptr100","1","P_CSMM860Z_EMTSDATA_ALFASERVMST.zip","mptr100_xtab_oem_ref_mptr100_alfc_raw.dat","xtab_oem_ref_mptr100_alfc","","M","A","","","mptr100_araw_alfc_us.dat","9/16/2025 11:03:54 PM","RACE","ALFASERVLIST","1","3/25/2024 5:20:19 AM","","Zipped file (without extension) is placed on Mitchell server. Reformat preprocess subscript adds .zip extension and then unzips file into race server.
                                 ** Be sure to run MX Alfa Romeo reformat after US Alfa Romeo reformat completes as MX uses US file.","N","Y","Y","Y","Reman and Core Parts are identified by digit(s) at beginning of part_number. JR and R indicate reman part. JU and U indicate core charge assoc to part. A JR or R part almost always has an associated JU or U part. They have some remanufactured parts that have no associated core because they do not want the part back.","Y","Y","Y","Y","Y","","","23","25","","Internet","","","","","","","","",""
"130","mptr365","1","Genesis_Price_Update*.zip","mptr365_xtab_oem_ref_mptr365_gene_raw.dat","xtab_oem_ref_mptr365_gene","","M","A","","","mptr365_araw_gene_us.dat","9/16/2025 11:03:54 PM","RACE","","1","3/22/2024 12:17:16 PM","","","Y","Y","Y","N","","Y","Y","N","N","N","","","22","24","","","","","","","","","","",""
"131","mptr815","1","hino.txt","mptr815_xtab_oem_ref_mptr815_hino_raw.dat","xtab_oem_ref_mptr815_hino","","N","A","","","mptr815_araw_hino_us.dat","9/16/2025 11:02:28 PM","RACE","","1","3/18/2024 11:13:19 AM","","xls is emailed by OEM. It is staged on NT and converted by RACE DataOps using an excel macro.","N","Y","N","N","","Y","N","N","N","N","","","22","24","","Email","Y","","","Y","","Y","Habsburg, Peter <Habsburg@hino.com>","Hino Parts Pricing Action effective Tuesday MMMM 1, YYYY","Hino YYYY MMM 1st Pricing - Hino Only List n Core.xlsx PA-YYYY-036 Pricing Action effective MMMM 1 YYYY.pdfDownload all: Hino_Parts_Pricing_Action_effective_Tuesday_MMMM_D,_YYYY.zip
"
"132","mptr625","1","polaris_ca_price.txt","mptr625_xtab_oem_ref_mptr625_pol_raw.dat","xtab_oem_ref_mptr625_pol","","N","A","","","mptr625_araw_pol_ca.dat","9/16/2025 11:03:54 PM","RACE","","6","1/16/2024 10:20:10 AM","","Nothing solidified with OEM regarding delivery, frequency, etc. US and CA xls delivered via DROPBOX to Gil who forwards them.","N","N","N","N","","N","N","N","N","N","","","","","","","","","","","","","","",""
"133","mptr855","1","jones_ca_price.txt","mptr855_xtab_oem_ref_mptr855_jone_raw.dat","xtab_oem_ref_mptr855_jone","","N","A","","","mptr855_araw_jone_ca.dat","1/4/2024 6:16:25 AM","RACEJOB","","6","1/4/2024 6:16:25 AM","","tab-delimited txt and xlsx files provided via email. txt is price file. xlsx is for Editors.","N","N","N","N","","N","N","N","N","N","","","","","","","","","","","","","","",""
"134","mptr600","1","P_CSMM266Z_EMTSDATA_ALFACANSBF.zip","mptr600_xtab_oem_ref_mptr600_alfc_raw.dat","xtab_oem_ref_mptr600_alfc","","M","A","","","mptr600_araw_alfc_ca.dat","9/16/2025 11:03:54 PM","RACE","ALFAPRICELIST","1","3/25/2024 10:41:33 AM","","Zipped file (without extension) is placed on Mitchell server. Reformat preprocess subscript adds .zip extension and then unzips file into race server.","N","Y","Y","Y","Reman and Core Parts are identified by digit(s) at beginning of part_number. JR and R indicate reman part. JU and U indicate core charge assoc to part. A JR or R part almost always has an associated JU or U part. They have some remanufactured parts that have no associated core because they do not want the part back.","Y","Y","N","Y","Y","","","22","27","","Internet","","","","","","","","",""
"135","xptr100","1","mptr100_xtab_oem_ref_mptr100_alfc_raw.dat","xptr100_xtab_oem_ref_xptr100_alfc_raw.dat","xtab_oem_ref_xptr100_alfc","","","A","","","xptr100_araw_alfc_mx.dat","9/16/2025 11:03:54 PM","RACE","","1","3/25/2024 10:33:14 AM","","* Uses US Alfa Romeo-Chrysler saved raw file from MPTR100 Reformat Job; Check RACE Online for price factor","N","Y","Y","Y","Reman and Core Parts are identified by digit(s) at beginning of part_number. JR and R indicate reman part. JU and U indicate core charge assoc to part. A JR or R part almost always has an associated JU or U part. They have some remanufactured parts that have no associated core because they do not want the part back.","Y","Y","Y","Y","Y","","","23","25","","Internet","","","","","","","","",""
"136","mptr300","1","mptr299_raw_tesla_price.dat","mptr300_xtab_oem_ref_mptr300_tes_price_raw.dat","xtab_oem_ref_mptr300_tes_price","","N","A",",","","mptr300_araw_tes_us_price.dat","7/1/2026 8:28:32 AM","RACEJOB","","1","7/1/2026 8:28:32 AM","","mptr299 is run prior to the US reformat to pick-up the latest zip file from Tesla server. Price, Super, and Catalog files are pulled from zip and staged on NT for I/P to mptr300 (US) and mptr720 (CA) jobs.","N","N","N","N","","N","N","N","N","N","","","","","","","","","","","","","","","2022-10-28_TeslaData.zip
"
"137","mptr720","1","mptr299_raw_tesla_price.dat","mptr720_xtab_oem_ref_mptr720_tes_price_raw.dat","xtab_oem_ref_mptr720_tes_price","","N","A",",","","mptr720_araw_tes_ca_price.dat","9/16/2025 11:02:28 PM","RACE","","1","3/29/2024 6:29:56 AM","","mptr299 is run prior to the US reformat to pick-up the latest zip file from Tesla server. Price, Super, and Catalog files are pulled from zip and staged on NT for I/P to mptr300 (US) and mptr720 (CA) jobs.","N","N","N","N","","N","N","N","N","N","","","19","30","","","N","passwordless sftp for both US/CA sshacs@tesladata.upload.akamai.com","See 1","","","","","","2022-10-28_TeslaData.zip
"
"138","mptr300","3","mptr299_raw_tesla_super.dat","mptr300_xtab_oem_ref_mptr300_tes_super_raw.dat","xtab_oem_ref_mptr300_tes_super","","N","A",",","","mptr300_araw_tes_us_super.dat","7/1/2026 8:29:33 AM","RACEJOB","","1","7/1/2026 8:29:33 AM","","mptr299 is run prior to the US reformat to pick-up the latest zip file from Tesla server. Price, Super, and Catalog files are pulled from zip and staged on NT for I/P to mptr300 (US) and mptr720 (CA) jobs.","N","N","N","N","","N","N","N","N","N","","","","","","","","","","","","","","","2022-10-28_TeslaData.zip
"
"139","mptr720","3","mptr299_raw_tesla_super.dat","mptr720_xtab_oem_ref_mptr720_tes_super_raw.dat","xtab_oem_ref_mptr720_tes_super","","N","A",",","","mptr720_araw_tes_ca_super.dat","9/16/2025 11:02:28 PM","RACE","","1","3/29/2024 6:30:11 AM","","mptr299 is run prior to the US reformat to pick-up the latest zip file from Tesla server. Price, Super, and Catalog files are pulled from zip and staged on NT for I/P to mptr300 (US) and mptr720 (CA) jobs.","N","N","N","N","","N","N","N","N","N","","","19","30","","","N","passwordless sftp for both US/CA sshacs@tesladata.upload.akamai.com","See 1","","","","","","2022-10-28_TeslaData.zip
"
"140","mptr810","1","mptr809_raw_bestfit_price_us.dat","mptr810_xtab_oem_ref_mptr810_bfit_raw.dat","xtab_oem_ref_mptr810_bfit","","N","A","","","mptr810_araw_bfit_us.dat","9/16/2025 11:02:28 PM","RACE","","1","3/28/2024 6:40:58 AM","","mptr809 is run prior to the US reformat to pick-up the latest zip file placed on our server by BestFit. The US and CA price files are pulled from the zip and staged on NT for I/P to Reformats.","N","N","N","N","The parts that we are inserting to RACE are alternate parts sold for Commercial Trucks. These are being treated as OEM parts within services for product purposes.","N","N","N","N","N","","","23","26","","FTP","Y","bestfit@sftp-corp.mitchell.com","/prod/incoming/","","","","","","Mitchell_BestFit_Parts_Files.zip
"
"141","mptr819","1","mptr819_sftp_lkqt.zipped","","","get_sftp_file.pl","M","A","","","mptr819_araw_lkqt.zip","9/16/2025 11:03:54 PM","RACE","Mitchell_Est_Static_Catalog.zip","6","","mptr819_ftp_lkqt_us.prm","Newest zip file containing xlsx is staged by LKQ on Mitchell SFTP server. Preprocessor job mptr819 gets file, unzips it, and places the ZIP on NT for Editors. Unzipped xlsx is placed on NT where RaceDataOps converts to a txt file by LKQ_US_file_conversion.xlsm for I/P to Reformat.","","","","","","","","","","N","","","","","","FTP","","","","","","","","",""
"142","mptr825","1","LYNN_US_PRICE_PipeDelimited.csv","mptr825_xtab_oem_ref_mptr825_lynn_raw.dat","xtab_oem_ref_mptr825_lynn","","N","A","|","","mptr825_araw_lynn_us.dat","9/16/2025 11:03:54 PM","RACE","","6","3/7/2024 5:46:01 AM","","Expecting tab-delimited file. Order of fields: Description, Price (whole number), MPN, Model, Lynn Part#, Make, Start Year, End Year. Delivery frequency is sporadic.","N","N","N","N","","N","Y","N","N","N","","","","","","","","","","","","","","",""
"143","mptr800","1","Mitchell_trp.txt","mptr800_xtab_oem_ref_mptr800_trp_raw.dat","xtab_oem_ref_mptr800_trp","","M","A","","","mptr800_araw_trp_us.dat","3/18/2024 9:56:35 AM","RACEJOB","","3","3/18/2024 9:56:35 AM","","tab-delimited txt on Mitchell server.","N","N","N","N","","N","N","N","N","N","","","","","","","","","","","","","","",""
"144","mptr497","2","","mptr495_xtab_oem_ref_mptr495_toy_raw.dat","xtab_oem_ref_mptr495_toy_assem","","","A","","","","9/16/2025 11:03:54 PM","RACE","","1","","","* Uses Canada Toyota XTAB file for reformat","N","Y","Y","Y","(see CA Toyota)","Y","Y","N","N","Y","","","21","22","","FTP","","","","","","","","",""
"145","mptr300","2","mptr299_raw_tesla_catlg.dat","mptr300_xtab_oem_ref_mptr300_tes_catlg_raw.dat","xtab_oem_ref_mptr300_tes_catlg","","N","A",",","","mptr300_araw_tes_us_catlg.dat","7/1/2026 8:29:27 AM","RACEJOB","","1","7/1/2026 8:29:27 AM","","mptr299 is run prior to the US reformat to pick-up the latest zip file from Tesla server. Price, Super, and Catalog files are pulled from zip and staged on NT for I/P to mptr300 and mptr720 jobs.","N","N","N","N","","N","N","N","N","N","","","","","","","","","","","","","","","2022-10-28_TeslaData.zip
"
"146","mptr720","2","mptr299_raw_tesla_catlg.dat","mptr720_xtab_oem_ref_mptr720_tes_catlg_raw.dat","xtab_oem_ref_mptr720_tes_catlg","","N","A",",","","mptr720_araw_tes_ca_catlg.dat","9/16/2025 11:02:28 PM","RACE","","1","3/29/2024 6:30:10 AM","","mptr299 is run prior to the US reformat to pick-up the latest zip file from Tesla server. Price, Super, amd Catalog files are pulled from zip and staged on NT for I/P to mptr300 and mptr720 jobs.","N","N","N","N","","N","N","N","N","N","","","19","30","","","N","passwordless sftp for both US/CA sshacs@tesladata.upload.akamai.com","See 1","","","","","","2022-10-28_TeslaData.zip
"
"147","mptr270","1","Rivian_USA.csv","mptr270_xtab_oem_ref_mptr270_rivi_raw.dat","xtab_oem_ref_mptr270_rivi","","N","A","~","","mptr270_araw_rivi_us.dat","2/29/2024 9:54:36 AM","RACEJOB","","1","2/29/2024 9:54:36 AM","","RACE DataOps connects to Rivian Sharepoint site and picks up zip file. Unzip and place Rivian_USA.csv on NT.","N","N","N","Y","Format is two alpha chars followed by 8 numerical digits, with a trailing dash and alpha char (representing version of the part). When that alpha character is followed by a 3-digit number, it represents a color code.","Y","Y","N","N","N","","","","","","","","","","","","","","",""
"148","mptr249","1","hdmus.zip","","","","N","A","","","mptr249_araw_hdmus.zip","9/16/2025 11:02:28 PM","RACE","","1","","","File received in email. RACEOPS stages the file on NT as hdmus.zip. Latest price file (Pricebook*.txt) is left in the zip file and other files are removed from zip. Pre-processor stages edited version of zip for I/P to ref.","","","","","","","","","","N","","","2","7","","Email","Y","","","Y","","Y","Doehrmann, Corey <Corey.Doehrmann@harley-davidson.com>","Pricebook Month Day, Year i.e.: Pricebook January 18, 2023","YYMMDD.zip
"
"149","pptr365","1","GEN.zip","pptr365_xtab_oem_ref_pptr365_gene_raw.dat","xtab_oem_ref_pptr365_gene","","M","A",",","25","pptr365_araw_gene_pr.dat","9/16/2025 11:03:54 PM","RACE","","1","3/7/2024 8:01:14 AM","","zip file containing comma-delimited file is placed on Mitchell server. This file is converted from delimited to fixed.","N","N","","","","","","","","Y","","","","","","","","","","","","","","",""
"150","mptr839","1","mptr839_xftp_tesla_semi.zipped","","","get_sftp_file.ksh","X","A","","","mptr839_araw_tsem.zip","1/4/2023 2:57:54 PM","PG2697","TeslaData.zip","1","","mptr839_ftp_tsem_us.prm","mptr839 is run prior to the US Semi Truck reformat to pick-up the latest zip file from Tesla server. Price and Catalog files are pulled from zip and staged on NT for I/P to mptr840 (US Semi Truck) job.","","","","","","","","","","N","","","","","","","","","","","","","","",""
"151","mptr840","1","mptr839_raw_tsem_price.dat","mptr840_xtab_oem_ref_mptr840_tsem_prc_raw.dat","xtab_oem_ref_mptr840_tsem_prc","","N","A",",","","mptr840_araw_tsem_us_prc.dat","3/29/2024 6:38:40 AM","RACEJOB","","1","3/29/2024 6:38:40 AM","","mptr839 is run prior to the US Semi Truck reformat to pick-up the latest zip file from Tesla server. Price and Catalog files are pulled from zip and staged on NT for I/P to mptr840 (US Semi Truck) job.","N","N","N","N","","N","N","N","N","N","","","","","","","","","","","","","","",""
"152","mptr840","2","mptr839_raw_tsem_catlg.dat","mptr840_xtab_oem_ref_mptr840_tsem_cat_raw.dat","xtab_oem_ref_mptr840_tsem_cat","","N","A",",","","mptr840_araw_tsem_us_cat.dat","1/18/2024 12:11:01 PM","RACEJOB","","1","1/18/2024 12:11:01 PM","","mptr839 is run prior to the US Semi Truck reformat to pick-up the latest zip file from Tesla server. Price and Catalog files are pulled from zip and staged on NT for I/P to mptr840 (US Semi Truck) job.","N","N","N","N","","N","N","N","N","N","","","","","","","","","","","","","","",""
"153","mptr802","1","","mptr800_xtab_oem_ref_mptr800_trp_raw.dat","xtab_oem_ref_mptr800_trp","","","A","","","","11/6/2023 6:05:26 PM","PG2697","","3","","","Uses mptr800 US TRP XTAB file which also contains CA Price","N","N","N","N","","N","N","N","N","N","","","","","","","","","","","","","","",""
"154","mptr299","1","mptr299_xftp_tesla.zipped","","","","X","A","","","mptr299_araw_tesla.zip","7/2/2026 12:42:16 PM","RACE","TeslaData.zip","1","","mptr299_ftp_tes_us.prm","Newest zip file containing multiple files is sftp'd by this job. A copy is placed in NT for Editor use. Price, Super, and Catalog files are pulled from zip and staged on NT for input to US and CA reformats.","","","","","","","","","","N","","","13","21","","Email","","","","","","","","test",""
"155","mptr830","1","TruckShrouds_US.txt","mptr830_xtab_oem_ref_mptr830_tshr_raw.dat","xtab_oem_ref_mptr830_tshr","","M","A","","","mptr830_araw_tshr_us.dat","9/16/2025 11:03:54 PM","RACE","","1","3/14/2024 8:58:53 AM","","txt file is placed on Mitchell server. The tab-delimited file is converted to pipe-delimited by ascii_cleanup in reformat.","N","N","N","N","","N","N","N","N","N","","","","","","","","","","","","","","",""
"156","mptr390","1","kaw_us_mnthly.zip","mptr390_xtab_oem_ref_mptr390_kaw_price_raw.dat","xtab_oem_ref_mptr390_kaw_price","","N","A","","","mptr390_araw_kaw_us_price.dat","9/16/2025 11:02:28 PM","RACE","","1","3/5/2024 6:28:39 AM","","Download file named IMINF009.zip from Kawasaki https website into Mitchell NT directory. Change filename to: kaw_us_mnthly.zip","N","N","Y","N","","N","Y","N","N","Y","","","4","6","","Internet","Y","","","","https://www.k-dealer.com/Site/_mem_bin/DealerLogin.asp?bolLogoff=true","","","","IMINF009.zip
"
"157","mptr395","1","kaw_us_msupr.dat","mptr395_xtab_oem_ref_mptr395_kaw_msupr_raw.dat","xtab_oem_ref_mptr395_kaw_msupr","","N","A","","","mptr395_araw_kaw_us_msupr.dat","9/16/2025 11:02:28 PM","RACE","","3","2/6/2019 12:49:55 PM","","","N","N","N","N","","N","N","N","N","Y","","","","","","","","","","","","","","","3rd Qtr.zip
"
"158","mptr860","1","mptr809_raw_bestfit_price_ca.dat","mptr860_xtab_oem_ref_mptr860_bfit_raw.dat","xtab_oem_ref_mptr860_bfit","","N","A","","","mptr860_araw_bfit_ca.dat","9/16/2025 11:02:28 PM","RACE","","1","3/28/2024 6:44:04 AM","","mptr809 is run prior to the US reformat to pick-up the latest zip file placed on our server by BestFit. The US and CA price files are pulled from the zip and staged on NT for I/P to Reformats.","N","N","N","N","The parts that we are inserting to RACE are alternate parts sold for Commercial Trucks. These are being treated as OEM parts within services for product purposes.","N","N","N","N","N","","","19","26","","FTP","N","MITCHEL FTP SERVER","sftp-corp.mitchell.com:22/prod/incoming/","","","","","","Mitchell_BestFit_Parts_Files.zip
"
"159","mptr325","1","polaris_us_price.txt","mptr325_xtab_oem_ref_mptr325_pol_raw.dat","xtab_oem_ref_mptr325_pol","","N","A","","","mptr325_araw_pol_us.dat","9/16/2025 11:03:54 PM","RACE","","6","8/5/2024 5:01:48 PM","","Nothing solidified with OEM regarding delivery, frequency, etc. US and CA xls delivered via DROPBOX to Gil who forwards them.","N","N","N","N","","N","N","N","N","N","","","","","","Email","","","","","","","","",""
"160","mptr829","1","TruckShrouds_US.txt","","","","M","A","","","mptr829_editor_truckshrouds_us.txt","11/7/2022 8:03:01 PM","PG2697","","1","","","Preprocessor mptr829 copies US file onto NT for Editors. US Reformat does its own file pickup.","","","","","","","","","","N","","","","","","","","","","","","","","",""
"161","mptr772","1","mptr772_xftp_fntrca.tmp","mptr772_xtab_oem_ref_mptr772_fntr_raw.dat","xtab_oem_ref_mptr772_fntr","get_sftp_file.pl","X","A","","","mptr772_araw_fntr_ca.dat","3/25/2024 9:29:56 AM","RACEJOB","inventory-cad.txt","1","3/25/2024 9:29:56 AM","mptr770_ftp_fntr_us.prm","fixed length txt file on Frontiers server","N","N","N","N","","N","N","N","N","N","","","","","","","","","","","","","","",""
"162","mptr770","1","mptr770_xftp_fntrus.tmp","mptr770_xtab_oem_ref_mptr770_fntr_raw.dat","xtab_oem_ref_mptr770_fntr","get_sftp_file.pl","X","A","","","mptr770_araw_fntr_us.dat","3/25/2024 9:26:35 AM","RACEJOB","inventory-usd.txt","1","3/25/2024 9:26:35 AM","mptr770_ftp_fntr_us.prm","fixed length txt file on Frontiers server","N","N","N","N","","N","N","N","N","N","","","","","","","","","","","","","","",""
"163","mptr475","1","Rivian_CANADA.csv","mptr475_xtab_oem_ref_mptr475_rivi_raw.dat","xtab_oem_ref_mptr475_rivi","","N","A","~","","mptr475_araw_rivi_ca.dat","7/10/2024 2:54:51 PM","RACEJOB","","1","7/10/2024 2:54:51 PM","","RACEDataOps picks up zip file from OEM Sharepoint site. Unzip and place Rivian_CANADA.csv on NT.","N","N","N","Y","Format is two alpha chars followed by 8 numerical digits, with a trailing dash and alpha char (representing version of the part). When that alpha character is followed by a 3-digit number, it represents a color code.","Y","Y","N","N","N","","","","","","","","","","","","","","",""
"164","mptr809","1","mptr809_xftp_bestfit.zipped","","","get_sftp_file.pl","M","A","","","mptr809_araw_bestfit.zip","9/16/2025 11:02:28 PM","RACE","Mitchell_BestFit_Parts_Files.zip","1","","mptr809_ftp_bfit_us.prm","Newest ZIP file having multiple files is sftp'd by this job. Even though it is staged on Mitchell's server, we use get_sftp_file.pl for transfer so we can preprocess the zip. The ZIP is placed on NT for Editors. Price file is placed on NT for Reformat. JSON file is placed in the oem_doc_rep_share.","","","","","","","","","","N","","","13","21","","Email","Y","","","Y","","Y","apdrpabotuat@mitchell.com","test","TestData2
"
"165","mptr820","1","lkqus_price.txt","mptr820_xtab_oem_ref_mptr820_lkqt_raw.dat","xtab_oem_ref_mptr820_lkqt","","N","A","","","mptr820_araw_lkqt_us.dat","9/16/2025 11:02:28 PM","RACE","","6","1/30/2024 6:17:29 AM","","Newest zip file containing xlsx is staged by LKQ on Mitchell SFTP server. Preprocessor job mptr819 gets file, unzips it, and places the ZIP on NT for Editors. Unzipped xlsx is placed on NT where RaceDataOps converts to a txt file by LKQ_US_file_conversion.xlsm for I/P to Reformat.","N","N","N","N","The parts that we are inserting to RACE are alternate parts sold for Commercial Trucks. These are being treated as OEM parts within services for product purposes.","N","N","N","N","N","","","28","30","","FTP","Y","lkqt_us@sftp-corp.mitchell.com","/prod/incoming/","","","","","","Mitchell_Est_Static_Catalog.zip
"
"166","mptr832","1","TruckShrouds_CAD.txt","mptr832_xtab_oem_ref_mptr832_tshr_raw.dat","xtab_oem_ref_mptr832_tshr","","M","A","","","mptr832_araw_tshr_ca.dat","3/14/2024 9:00:30 AM","RACEJOB","","1","3/14/2024 9:00:30 AM","","txt file is placed on Mitchell server. The tab-delimited file is converted to pipe-delimited by ascii_cleanup in reformat.","N","N","N","N","","N","N","N","N","N","","","","","","","","","","","","","","",""
"167","mptr799","1","Mitchell_trp.txt","","","","M","A","","","mptr799_editor_trp.txt","11/6/2023 6:05:26 PM","PG2697","","3","","","Preprocessor mptr799 copies tab-delim TRP file to NT for Editors. US Reformat does its own file pickup. CA uses US file.","","","","","","","","","","N","","","","","","","","","","","","","","",""
"168","mptr190","2","nagsusi.prc","mptr190_xtab_oem_ref_mptr190_nag_imp_raw.dat","xtab_oem_ref_mptr190_nag_imp","","N","A","","","mptr190_araw_nag_imp_us.dat","9/16/2025 11:02:28 PM","RACE","","4","1/8/2024 8:11:12 AM","","Effective dates are always in January, May, and September","Y","N","N","N","","N","Y","N","N","N","","","week of PR extract","Files received 3x/year in Dec, Apr, Aug, (Effective Jan, May, Sep)","","Email","Y","","","Y","","Y","Timothy.Goebel@mitchell.com","NAGS U.S. Pricing","d230109us.01, f230109us.01
"
"169","mptr575","1","kiaca.prc","mptr575_xtab_oem_ref_mptr575_kia_raw.dat","xtab_oem_ref_mptr575_kia","","N","A","","","mptr575_araw_kia_ca.dat","9/16/2025 11:02:28 PM","RACE","","1","3/4/2024 5:49:36 AM","","","Y","N","Y","N","","Y","N","N","N","Y","","","1","6","","Email","Y","","","Y","","Y"," Kate Baik <kbaik@kia.ca>"," KCI Parts Price Book - MSRP - MMMMYYYY","MEFYYYYMMDD.zip
"
"170","mptr120","1","roverus.prc","mptr120_xtab_oem_ref_mptr120_ran_raw.dat","xtab_oem_ref_mptr120_ran","","N","A","","","mptr120_araw_ran_us.dat","9/16/2025 11:02:28 PM","RACE","","1","3/27/2024 9:02:13 AM","","Single file downloaded from internet","","Y","","","","Y","","Y","Y","N","","","22","29","","Internet","Y","","","","https://jlrglobal.sharepoint.com/sites/dms-vendors/SitePages/home.aspx","","","","LR_US_NOV_2022.zip
"
"171","mptr490","2","subaruca.sup","mptr490_xtab_oem_ref_mptr490_sub_super_raw.dat","xtab_oem_ref_mptr490_sub_super","","N","A","","","mptr490_araw_sub_ca_super.dat","2/16/2026 5:21:06 AM","RACEJOB","","6","2/16/2026 5:21:06 AM","","","","","","","","","","","","N","","","20","25","","Email","Y","","","Y","","Y","Manny Lalicon <mlalicon@subaru.ca>","Effective MMMM 1st price file update","YYYY_MM_DD_PartsPrice_Export.piz.zip
"
"172","mptr435","1","hondaca.prc","mptr435_xtab_oem_ref_mptr435_hon_raw.dat","xtab_oem_ref_mptr435_hon","","N","A","","","mptr435_araw_hon_ca.dat","9/16/2025 11:02:28 PM","RACE","","1","3/15/2024 7:31:09 AM","","","Y","Y","Y","Y","","Y","Y","N","Y","N","","","2nd week of month (around 11th)","3","","Internet","Y","","","","https://www.portal.honda.ca/HubWeb/","","","","price_honda_srvb_file_20221112_effective_20221201.txt
"
"173","mptr495","2","","mptr495_xtab_oem_ref_mptr495_toy_raw.dat","xtab_oem_ref_mptr495_toy_assem","","","A","","","","9/16/2025 11:03:54 PM","RACE","","1","","","The filename is TCI_PRT191.PRICEBOOK.YYYYMMDDHHMMSS.txt where YYYYMMDDHHMMSS is the timestamp the file was sent. File is downloaded from CA Toyota sftp server via perl script. It contains 2 record types; therefore 2 XTAB defs. REF file is also used as input to CA Lexus.","N","Y","Y","Y","Core parts are identified by specific values in pos 11 and 12 of part number and are bypassed from Ptrans creation. Reman parts contain 84 in pos 11 and 12. Hyphens are inserted in part number.","Y","Y","N","N","Y","","","21","22","","FTP","","","","","","","","",""
"174","mptr150","1","Volvo_US_RTLPRICE*.txt","mptr150_xtab_oem_ref_mptr150_vol_price_raw.dat","xtab_oem_ref_mptr150_vol_price","","M","A","","","mptr150_araw_vol_us_price.dat","9/16/2025 11:03:54 PM","RACE","","1","3/22/2024 5:37:49 AM","","2 US and 2 CA files (Price and Super) are staged on Mitchell's server. US Reformat picks up US files. CA Reformat picks up CA files.","N","Y","N","Y","Reman and Core Parts have part prefix pairings. (E.g. 36000 = reman; 36006 = core) See reformat pgm.","Y","Y","","","Y","","","17","21","","FTP","","","","","","","","",""
"175","mptr295","1","YAM_PRICE_BOOK.ZIP","mptr295_xtab_oem_ref_mptr295_yam_raw.dat","xtab_oem_ref_mptr295_yam","","N","A","","","mptr295_araw_yam_us.dat","9/16/2025 11:02:28 PM","RACE","","1","3/25/2024 6:15:39 AM","","zip file is emailed weekly from Yamaha, along with effective date. RACE DataOps saves zip file (and renames, if necessary) on NT. zip contains 1 txt file that is tab-delimitted. asci_clean converts to pipe-delim.","N","N","Y","N","","N","Y","N","N","N","","","23","29","10/16/2023","Email","Y","","","Y","","Y","apdrpabotuat@mitchell.com","Testing","YAM_PRICE_BOOK
"
"176","pptr155","1","VW.zip","pptr155_xtab_oem_ref_pptr155_vw_raw.dat","xtab_oem_ref_pptr155_vw","","M","A",",","","pptr155_araw_vw_pr.dat","4/24/2025 11:18:21 AM","RACE","","1","4/16/2025 7:48:48 AM","","","N","N","","","","","","","N","Y","","","","","","","","","","","","","","",""
"177","mptr030","1","VinFast_UnitedStates.csv","mptr030_xtab_oem_ref_mptr030_vinf_raw.dat","xtab_oem_ref_mptr030_vinf","","N","A",",","","mptr030_araw_vinf_us.dat","9/5/2024 4:59:09 PM","RACEJOB","","1","9/5/2024 4:59:09 PM","","VinFast emails csv file. Production control saves on NT server for reformat pick-up. Verify input_file_name.","N","Y","N","N","","Y","Y","N","N","N","","","","","","","","","","","","","","",""
"178","mptr630","1","VinFast_Canada.csv","mptr630_xtab_oem_ref_mptr630_vinf_raw.dat","xtab_oem_ref_mptr630_vinf","","N","A",",","","mptr630_araw_vinf_ca.dat","9/5/2024 7:23:26 PM","RACEJOB","","1","9/5/2024 7:23:26 PM","","VinFast emails csv file. Production control saves on NT server for reformat pick-up. Verify input_file_name.","N","Y","N","N","","Y","Y","N","N","N","","","","","","","","","","","","","","",""
